CustomerID;Cluster
11760;2
11698;2
24933;0
11405;0
26054;0
23678;0
20340;0
16992;0
11771;2
15807;2
15603;0
24154;2
12080;2
24395;0
22844;0
27152;0
22034;0
27957;0
14974;2
15186;2
17110;0
12364;0
11226;0
14846;1
12349;1
12668;1
15700;2
17742;2
11628;2
23862;0
21775;0
19345;0
12661;0
16976;1
22208;0
23773;0
16214;0
11348;2
19369;0
22035;0
26102;0
14469;2
26792;0
23228;2
13373;0
22072;1
20871;2
19093;2
27338;2
14017;2
17743;1
15652;2
12355;1
12003;1
12637;2
12345;2
12314;2
16679;0
11255;0
12262;2
17063;2
16331;0
14353;0
14328;2
11631;2
11331;2
11520;2
11758;2
29767;0
19880;0
29578;0
23976;0
19625;0
14232;2
30001;2
25638;0
15307;0
17693;2
28600;0
26894;0
29802;0
29179;2
21090;2
23966;2
26222;2
28054;0
22885;2
25384;2
28846;0
23571;0
14930;0
13788;0
12341;1
29829;2
29502;2
15357;2
11458;2
14131;2
12465;2
25065;0
19929;0
19252;0
21220;0
26688;0
12433;0
25005;0
20731;0
20949;0
20594;0
21307;2
12838;0
12896;0
25382;2
24944;2
28543;2
14061;2
17642;2
18637;0
12640;1
29650;2
29602;2
15626;1
20062;1
19604;2
29844;1
29824;1
29489;1
29761;1
29827;1
29825;1
30039;1
29744;1
29811;1
29647;1
30048;1
29587;1
29704;1
29805;1
29693;1
29670;1
29641;1
29658;1
29867;1
11287;2
30096;1
29850;2
30114;1
29776;1
29599;1
29970;2
29595;1
29679;1
30065;1
29604;1
30116;2
29747;2
29820;2
30051;2
29871;2
29648;1
30109;1
11566;2
29783;1
29605;1
29614;1
29894;1
29533;1
29682;1
29994;1
29734;1
29772;1
29795;1
29580;1
30070;1
29778;1
29689;1
29672;1
29879;1
29745;1
29656;2
29606;1
29570;1
11484;2
29631;2
29826;1
29634;1
29671;1
29694;2
29837;1
29920;1
29646;1
30000;1
29992;1
29565;1
29874;1
30075;1
29497;1
29520;1
29909;1
29692;1
29875;1
30067;1
29683;1
29941;1
29591;1
29654;1
29737;2
29500;1
29623;2
30018;1
29987;1
29981;1
29589;1
29958;1
30084;2
25516;0
11392;0
17104;0
21845;0
12249;2
18712;0
16306;0
17325;2
15871;0
18574;0
25702;2
19881;0
12951;2
21791;2
20766;0
19716;2
23591;0
20520;0
12309;2
15701;0
19870;0
14925;0
11177;2
11362;2
20821;0
12363;2
11896;2
14157;2
12185;0
17238;2
15236;2
18491;2
18703;2
20596;0
28991;0
28928;1
23879;2
27924;1
17721;0
20324;1
20513;2
21653;2
18909;2
11890;2
12193;1
17387;2
15816;2
15830;1
16743;2
11153;2
16168;0
11253;2
11215;2
16474;0
24423;0
29241;0
19896;0
22324;0
27654;0
18036;0
21114;0
11213;0
13170;2
18327;2
19515;0
16115;0
25953;0
24135;2
27479;0
20317;2
24742;0
23780;2
20014;0
18686;0
18721;2
20746;2
13183;2
13979;2
23417;2
27903;0
24399;0
16340;2
12750;1
11892;2
16959;2
11548;1
11764;2
11498;2
11999;1
11433;1
14531;2
28442;0
16458;0
13296;0
26449;0
11858;2
25579;0
18807;0
26664;0
14711;2
23230;2
17161;0
16455;0
11440;0
18321;0
13432;0
28005;0
27387;0
18923;2
19603;0
19567;2
18078;2
23526;0
13762;2
18755;0
13676;0
20339;1
18836;0
26972;2
24673;1
17083;0
15913;2
27850;2
22374;2
25223;2
11967;1
11549;1
11026;1
11505;2
22142;0
28111;1
11150;2
11898;2
11501;2
15827;1
17027;2
13137;2
14865;0
28462;0
15107;0
20512;0
21989;0
15584;0
15731;0
18105;0
19671;2
22227;0
18063;2
16898;2
17740;2
22185;2
18169;0
24670;2
25314;0
15156;0
27223;0
19275;2
23465;0
23220;2
20117;0
26179;0
25513;0
25281;2
24902;0
13493;0
19501;0
16518;0
12944;2
11427;1
11964;1
15008;2
12776;0
15615;2
18490;2
15792;2
16557;0
25538;2
23380;0
27153;2
22336;2
21298;2
28952;2
12155;2
13990;2
22953;2
12370;0
11808;2
11203;2
12984;2
11905;2
11904;1
18725;1
15353;2
15426;2
15632;1
11711;2
11223;2
20942;0
27758;0
21358;0
28057;0
13031;0
24120;0
14886;0
18423;0
21851;0
15234;0
17230;2
11305;0
11209;0
18349;0
24256;0
28940;2
12844;0
25731;2
25746;2
23023;0
22388;2
21223;0
22866;0
16292;0
25813;0
23555;0
28475;0
11960;0
16449;0
16393;1
11909;2
14525;2
26767;2
18695;2
19973;2
24888;2
23787;0
20679;2
19064;0
22767;0
24210;2
27757;0
16140;1
25261;0
19013;1
19024;2
12439;2
12082;2
12162;2
12678;2
11539;1
17741;1
18681;0
20948;0
16920;0
16558;0
18522;0
19516;0
22814;0
19933;0
18932;0
11836;0
27966;0
29286;2
23086;0
16319;0
26163;0
21764;0
24779;2
13868;2
16194;2
22741;0
20302;2
21210;0
29127;0
23525;0
11537;0
14702;1
11322;0
23415;2
18811;2
22961;2
23137;2
25647;2
28979;2
15709;0
23804;0
27530;0
20303;2
21655;2
23765;1
13256;2
11598;2
18709;2
12317;1
11244;1
15760;2
12512;0
27929;0
15352;0
26130;0
22772;0
12235;0
11783;0
11959;2
20691;0
12832;0
28668;0
18984;0
27961;2
17138;0
25267;0
22963;2
17663;0
19680;2
18151;0
23077;0
19684;0
21633;0
22974;0
15794;2
16200;0
11014;2
11969;2
11074;0
12992;2
11576;2
19500;2
23281;2
11582;2
13906;2
13495;2
17709;2
22954;2
20413;0
27828;0
28985;2
28953;2
25721;1
19606;2
13986;2
28844;2
11073;2
11100;1
22951;1
15763;2
11200;2
12635;0
24941;0
26981;0
15034;2
17323;2
18097;0
17158;0
15910;0
21849;0
18752;0
27526;0
26897;0
13166;2
28330;0
28623;0
17519;2
27727;0
26987;2
18064;2
13430;2
15154;2
16517;0
12174;0
13222;2
12760;2
12128;1
15931;1
11914;2
11895;2
12144;0
13603;2
12116;2
26757;2
24411;0
23272;2
22368;1
22145;0
19078;0
28921;0
29394;0
22473;1
19701;2
22479;2
22656;2
13262;2
13814;2
12372;2
12939;2
15080;1
11751;1
18738;1
29412;2
18706;2
14953;2
12335;1
11091;2
22883;0
20178;0
14443;0
17783;0
26517;0
13550;0
19678;0
24995;0
19182;0
16991;0
13610;0
26264;0
16750;0
23763;2
27607;0
23153;0
27753;0
23503;0
25198;2
17483;0
15148;2
16745;0
14123;0
16613;2
18314;0
11759;0
11465;2
12431;2
12754;1
14773;2
25048;2
19496;2
15759;2
28806;0
24680;2
24424;2
22486;2
25655;2
20323;2
21940;2
11718;2
18736;2
17468;0
20423;1
11536;2
26768;2
11540;2
18691;2
12103;1
23696;0
12328;2
15452;0
25727;0
18190;2
15264;2
17306;2
15021;2
15281;0
17260;0
13832;0
19537;2
21240;0
14351;0
25686;0
24567;0
22527;2
27196;2
22945;0
27375;0
13266;0
28444;0
27055;0
14530;0
14553;2
16437;0
14723;0
12489;2
11869;2
16005;2
15943;2
16741;2
13927;2
27509;0
12017;2
24589;2
23405;0
17485;2
21064;2
19725;1
16355;2
22543;1
26930;2
26472;2
22023;2
18718;2
16701;2
24960;2
11571;2
17785;0
11304;0
18731;1
13627;2
13968;1
24904;1
17026;2
12868;0
14205;0
25739;0
18571;0
28896;0
17169;0
15139;0
11430;2
12466;0
12907;0
13989;2
25339;2
25265;2
29256;2
23722;0
26053;0
24110;2
28590;2
11140;0
18487;0
18704;2
13046;0
18391;2
12928;2
15100;2
12805;2
12137;2
17101;2
12143;2
14952;2
18722;2
18493;2
22569;2
17842;0
16895;1
27841;0
23795;0
23918;0
22478;2
29002;0
19547;1
16363;1
25253;2
14107;2
16488;2
11011;2
11211;2
11609;2
18287;0
16408;1
20052;2
23267;2
17078;2
12316;1
15478;2
11007;2
11176;2
11300;2
19223;0
11114;0
12036;0
20121;0
18601;0
20308;0
22042;0
22009;0
12531;0
14546;2
16965;0
25204;2
13070;0
15406;0
26896;2
28935;2
12828;2
27300;0
18521;0
23051;0
12765;2
22226;0
28981;0
28143;2
20086;0
12064;2
18495;0
11199;2
18693;0
11564;0
19836;2
16190;2
12490;2
11575;1
14502;2
11603;2
11824;2
14312;0
14725;2
12184;2
14735;2
16515;2
17635;2
16059;0
11888;2
21406;0
26784;2
19549;2
13148;2
23798;0
22006;0
19021;2
17631;2
20664;2
12112;2
19015;2
14956;2
12172;2
13890;1
13560;2
11071;2
11845;0
11502;2
27937;2
15114;2
21103;1
18496;1
12169;2
24889;2
13066;2
12323;1
18919;2
26773;0
19852;0
18552;0
17488;0
17431;0
27836;0
27926;0
27025;0
23776;2
21698;0
24314;2
25152;0
16044;2
24450;0
27631;0
28423;0
21903;2
18374;0
27740;0
27001;2
23251;0
12710;2
14059;2
15860;0
13181;2
18737;0
11180;2
14099;2
13185;0
18523;2
16754;2
28904;2
18554;2
26774;2
14535;2
28682;0
23894;0
14811;0
26175;0
13764;0
23132;0
26841;2
13641;2
12189;2
28841;2
12568;2
23414;1
16295;2
18739;1
18747;1
13938;1
11906;2
18710;1
24734;1
11185;2
11740;2
12133;1
28611;0
26263;0
18893;0
14821;0
16885;0
15285;0
24105;2
15824;2
11347;0
28235;2
20148;0
22278;0
25366;2
19571;0
20280;2
12630;2
11097;2
11012;0
28828;2
18257;2
14083;2
20279;0
16399;0
29332;0
16896;2
25526;0
27814;0
15880;0
23578;0
21654;1
27143;2
16301;2
12471;2
14749;2
11731;2
16489;2
20424;2
13776;0
15340;2
11050;1
14103;2
11581;2
11550;2
29400;1
26329;2
20816;1
11439;2
11059;2
12165;2
11079;2
26771;0
11574;0
12925;0
14532;0
11567;0
15509;0
21846;0
24113;0
17366;0
24872;0
28923;2
20559;2
28460;0
13945;0
25512;0
22826;0
14863;0
14002;2
20817;0
12076;0
11116;2
16772;2
11640;2
14371;0
13640;0
19482;2
12392;2
19717;2
28949;1
21321;0
22469;2
23439;2
26470;0
27155;0
12420;0
17095;2
12620;1
11519;2
11293;0
23418;1
11535;1
20818;1
20850;1
17442;2
11277;2
25747;0
21072;0
24619;0
12101;2
13982;0
22670;0
27857;0
22562;2
23897;0
14985;0
22835;0
26409;2
26465;0
23769;2
19025;0
19682;2
18777;2
19764;0
16767;0
11220;0
18330;2
26760;0
11570;0
11903;2
12182;0
13116;0
15866;0
12344;2
13559;2
19001;0
12154;1
16592;0
29386;0
27109;0
24299;0
24345;2
24735;1
12562;2
14697;2
11802;2
16890;1
17651;1
20814;1
16742;1
14926;2
12315;2
13541;2
11632;2
12919;2
12291;1
12679;0
11511;0
19227;0
11829;2
14717;2
14060;2
18826;2
14924;0
25199;2
26986;2
25485;2
25671;2
26765;0
27037;0
23600;0
22832;2
28936;0
13310;0
19060;0
25203;2
20265;0
24711;2
27839;2
13313;0
26706;0
29389;0
16738;2
17099;0
11968;0
12282;0
11110;2
11893;1
13155;2
14063;2
17193;0
14194;2
20819;2
11194;2
16516;2
14519;2
21062;2
21909;2
19520;2
20580;0
19670;2
19332;2
25329;2
28813;2
15683;2
27325;2
24710;2
16691;2
20820;2
12167;2
11464;1
11428;1
11019;2
25748;0
19552;0
15706;0
19539;0
22736;0
16860;0
16978;0
17449;0
15019;2
16610;0
18883;0
17380;0
15485;0
27594;0
23336;0
21688;0
27393;0
21242;0
17722;0
29390;0
11577;0
21702;0
12398;2
11910;2
11510;2
15244;0
14062;1
12715;0
12292;2
11419;0
19471;2
19423;2
11179;2
23532;2
19548;2
12421;0
19334;0
20714;0
21172;0
17102;0
21373;0
24298;2
26081;0
20297;1
28109;2
11578;2
12181;1
13198;0
11238;1
28110;1
21795;1
12129;1
11762;1
11111;1
13555;1
11604;1
11546;1
12286;1
11766;1
12072;2
11761;1
28842;1
11078;2
11709;2
22150;0
18754;0
28606;0
22554;0
15791;0
18714;0
23309;0
13843;2
27463;0
21374;0
27875;2
22125;0
28872;0
13490;0
23751;2
24882;0
24525;0
27788;0
11634;0
17585;2
16605;0
26758;0
11561;0
13003;0
14897;2
15878;2
23524;2
14318;2
11685;2
18740;2
12187;2
19472;2
23089;0
21915;1
16398;2
25899;0
19218;0
26291;0
17908;0
22335;1
16361;2
26457;2
16444;2
19421;2
11790;2
14127;1
11952;1
11767;1
14260;1
11976;1
12183;2
27874;1
12125;2
24887;1
18908;2
17717;1
22686;1
11262;2
11212;2
23061;0
22265;0
21766;0
17275;0
15423;0
27792;2
19462;2
20739;0
19291;0
22695;2
18364;0
14935;0
19679;2
25220;0
23869;0
28269;2
16314;2
15579;0
13257;1
19386;2
12188;2
18729;2
29399;2
16760;2
24695;0
28465;0
16889;2
13416;2
19550;2
21651;2
17062;2
11431;2
11973;0
12141;1
14982;2
18494;2
19463;0
24085;0
18570;2
21819;0
16354;2
25532;2
17189;2
16619;0
11712;0
12284;1
15084;1
12607;2
12161;0
17723;0
11049;0
18621;2
14540;2
12013;2
13984;2
20426;2
19545;2
21678;0
27704;0
27965;2
25692;2
24863;0
24866;0
27202;0
28115;1
22745;2
12200;2
18708;2
14217;2
24903;1
12300;2
17109;1
20822;2
13939;2
11330;2
12124;1
12481;0
15881;0
18671;0
13213;0
14271;0
19214;0
18424;0
17683;0
11706;2
11686;2
18170;0
18640;0
25728;2
20344;0
21255;0
18584;0
19460;2
24544;0
16001;0
18966;0
19538;2
23472;0
29333;2
12798;0
12595;2
15728;0
14938;2
15834;0
12510;2
16358;0
11900;1
12206;2
12104;2
12170;2
13925;2
18898;0
24343;1
28374;0
14463;0
19023;2
27525;0
21993;0
24276;2
21453;0
24084;1
15900;2
12186;2
14814;2
12160;1
12318;2
14842;2
11843;2
16744;2
16958;2
11572;1
19502;1
11401;1
11506;2
11738;2
13983;2
11148;2
28331;0
24780;0
24674;0
26026;0
22494;0
14629;0
14221;2
11789;0
16678;1
11938;0
17419;0
13053;0
29431;2
17379;0
22894;0
25674;2
24181;0
15356;0
22372;2
13942;0
28108;2
16711;2
16050;0
14694;2
17237;2
11681;2
19575;0
14282;2
11907;1
11491;2
11891;0
12564;2
26330;2
17297;2
24615;2
16739;2
16696;2
27016;0
28304;0
27772;2
20929;0
15487;2
22060;0
27173;0
16894;2
26400;2
12177;1
12171;1
17337;0
15116;1
12444;2
11651;2
25732;1
12287;1
11489;1
12152;1
11530;2
22156;0
27389;0
24452;0
23360;0
13831;0
27207;0
12065;2
19106;2
20636;0
25632;2
12977;2
12908;2
21432;0
19758;0
27482;0
23888;0
28302;0
18591;0
19952;0
17482;0
14311;2
11781;2
20815;0
11963;2
12055;2
13144;0
14259;2
12634;2
24900;2
23529;2
12151;2
12073;2
27368;0
22697;2
22431;0
20528;2
22242;0
20963;0
23714;0
14718;0
14623;2
21680;2
18030;0
28241;2
19383;2
24681;2
28898;2
12986;2
26967;2
11125;2
11099;1
14790;1
18746;1
18696;1
11463;0
12429;0
17845;0
29005;0
22841;0
12331;0
20732;0
20618;0
18577;0
25804;0
16574;0
11288;0
11521;0
17359;0
15496;0
22671;2
29224;0
28927;2
15869;2
24447;2
14043;0
11765;1
12621;1
15101;2
19619;0
24901;2
16863;2
13388;2
26069;2
21472;0
11408;2
26469;0
16413;0
22982;0
17130;2
18724;2
12122;2
12173;1
19467;1
12299;1
11899;1
14128;2
23531;2
15831;2
25726;1
12130;1
25181;0
18593;0
19879;0
23442;0
21942;2
24675;2
22794;0
22477;2
20116;0
26224;2
20337;2
20494;0
15593;2
20425;0
22120;0
11768;2
12381;1
12753;2
18726;2
12156;2
19026;2
12105;2
18488;2
22333;0
26739;0
21158;0
21549;2
25741;2
16208;2
21748;2
20420;2
15862;2
12163;1
11889;0
22742;0
11915;2
12153;1
12190;2
11208;0
20278;0
27316;0
22917;0
24895;0
14788;0
17590;0
18123;0
11196;0
11279;0
20115;0
14579;0
21769;2
26693;0
17437;2
27000;2
20071;0
16383;2
28709;2
22947;2
23783;2
27794;0
18534;2
28939;0
18486;0
17880;0
17844;0
15103;0
19103;0
13892;2
13795;2
14858;2
12259;2
20042;2
23523;2
25244;2
26424;2
16002;0
16225;2
19774;0
20506;2
16040;0
16226;2
13813;0
21299;2
15069;0
15556;1
24534;1
24492;2
12983;2
18694;2
11916;1
16731;2
12795;2
26898;2
11673;2
12296;1
26225;0
21310;0
26010;0
27995;0
28919;0
15420;0
11173;2
15465;0
27720;0
21375;0
13935;0
23115;0
23049;0
28216;0
22549;0
26722;0
29277;2
23735;0
15065;0
14246;2
27791;2
24771;0
15105;0
19479;0
18716;0
14809;2
12540;2
11754;1
11568;2
14455;2
12114;1
12083;2
21741;2
12178;2
16597;2
13437;2
24397;0
25691;0
21961;0
26407;0
28082;0
26139;2
19110;2
16237;2
13915;2
28840;2
17077;2
18489;1
11917;2
21093;2
12142;2
11008;2
14632;0
18624;0
11551;0
18733;0
12066;2
18812;2
13302;0
28948;2
21563;0
27036;0
14736;2
28239;0
16320;2
26411;0
22317;2
22481;2
22346;2
27364;0
12505;0
19590;0
16654;1
18211;2
18735;0
11864;0
16486;0
12305;2
15688;1
16771;0
13756;2
14683;0
16096;2
11462;2
18325;0
13766;2
12164;2
23416;2
11538;2
14993;2
27309;2
20694;0
21756;2
16360;2
15450;0
16897;2
21810;1
24537;1
19683;1
22743;2
26909;2
11142;2
12321;1
11894;2
19503;1
13917;2
29638;0
30080;1
30072;2
30006;2
30066;2
30089;1
29700;0
21747;0
20497;0
16381;0
11218;0
28080;0
13363;2
27801;2
28877;2
25148;2
26365;0
19724;2
19728;0
11605;0
16626;0
15671;0
18723;0
11908;0
29741;2
29537;0
29760;1
29943;2
29839;2
30069;2
29735;2
29902;2
30031;1
12107;2
29881;2
29960;1
30038;2
29603;1
29840;1
29965;2
14734;2
20812;2
28267;2
16746;2
19747;0
20666;2
25681;2
18816;0
11377;2
23354;0
29607;0
21445;2
18692;2
12102;2
30025;0
16964;0
29847;0
29750;2
29804;2
29512;2
29806;0
23473;2
29887;1
30033;1
29527;2
29933;1
29950;1
29722;1
29690;1
29702;1
29487;1
29956;1
29579;1
30037;1
29891;1
29701;1
29577;1
30019;1
29559;1
29856;1
29864;1
29707;1
30113;1
29929;1
29635;1
29810;1
29873;1
29736;1
29485;1
29972;1
29552;1
29770;1
30097;1
29916;1
29982;1
30071;1
30082;1
29730;2
29535;1
29572;1
29678;1
29687;1
29781;1
29584;1
29854;1
29801;2
29501;1
29799;1
29842;1
29576;1
29644;1
29642;1
30034;1
29762;1
29685;1
29721;1
30105;1
29962;1
30053;1
29959;1
29903;0
29696;1
29927;2
29922;1
29939;1
29496;2
29948;2
29931;2
29625;1
29966;1
29568;1
29660;2
29492;1
29550;1
29499;1
30008;1
29951;1
29834;1
29531;1
30049;1
29938;1
29486;1
29494;2
29612;2
29639;1
29796;1
29553;1
29622;1
29822;1
29653;1
29715;1
29592;1
29823;1
29711;2
29803;1
29514;2
29676;1
30118;1
30020;1
29645;1
29488;1
29738;2
29546;1
29669;1
29915;1
29964;2
30007;1
29651;1
29740;1
29534;1
29843;1
30043;1
29821;1
29917;1
29551;1
29508;1
30050;1
29574;1
30092;1
29877;1
29714;1
29628;1
29957;1
29897;1
30046;1
29528;1
29720;1
30029;1
29637;1
29775;1
30027;1
29838;1
29815;1
30087;2
29812;1
29695;2
29932;1
29529;2
29629;1
29878;2
29563;1
29557;1
29809;1
29709;1
29652;1
29975;1
29841;1
15874;2
19348;0
21962;0
16811;0
25783;0
29230;0
17350;2
16243;2
11879;2
11985;2
24594;0
15275;2
22019;0
21610;2
24527;2
18760;2
24713;0
15940;0
25026;0
14266;0
20416;0
16103;1
14207;1
14126;0
18256;0
23413;2
15570;2
18022;0
25256;0
22213;0
16395;0
17992;0
23274;0
27565;0
12723;2
27746;1
26399;1
19396;2
23577;2
15790;2
12069;2
13877;2
15606;2
14010;1
26322;1
11343;1
11752;2
13255;2
20104;0
15494;2
22065;0
13320;0
23299;0
12057;2
14227;2
13092;2
12168;0
15686;0
29209;0
20316;0
12840;0
27126;2
16440;0
18152;0
13933;0
28753;0
14836;2
11461;2
15806;0
24344;2
18284;2
21443;0
29347;2
17570;2
19860;0
23639;0
28791;0
16879;2
20591;0
24275;1
17569;2
18895;0
19406;1
25703;1
29165;1
27561;2
23188;2
16224;2
11379;2
13520;2
18260;2
18485;1
19726;0
18297;1
17080;2
13855;2
19410;0
23402;0
28862;0
19530;0
23676;0
11193;0
16841;2
18223;0
25324;0
24526;2
17336;0
19913;0
18348;2
24436;2
19817;2
17814;2
16697;2
11087;0
19796;2
14309;2
11314;0
13002;2
11429;1
13708;0
19220;2
12864;0
19627;0
18702;2
14733;2
20156;2
19429;2
23580;0
21783;0
28114;1
23964;0
27782;2
26884;2
25855;0
27059;2
28714;2
22625;2
27787;2
20848;2
15018;2
20418;1
28411;2
18974;1
24551;2
28217;2
11944;2
20151;1
13889;2
19343;2
18248;2
12738;2
25529;0
20366;0
14909;0
18263;0
19086;2
13497;0
23743;0
23959;0
16777;0
24340;2
27661;0
15000;2
23981;0
28175;0
20439;0
21474;0
19395;2
22329;2
24969;0
12062;2
11421;0
11423;1
20860;1
11482;2
15007;2
15377;2
16173;0
11735;0
19798;2
25642;1
22728;0
21566;0
26078;0
21611;1
22734;2
22449;2
24341;2
11319;2
11299;2
11274;2
17119;2
19217;0
27904;2
12159;2
11815;2
11757;2
24277;0
27249;0
27321;0
23254;0
22676;0
17111;0
26488;0
11871;0
11321;0
12336;2
12654;2
12024;2
16032;0
18216;2
22952;0
24748;0
28536;2
16878;2
26899;0
22334;2
16377;2
25099;2
15161;0
18477;2
12878;2
29025;0
21496;0
20234;0
15153;2
12051;2
15075;0
17808;0
11303;2
14688;0
18109;2
15708;0
23608;2
28208;2
28412;2
21350;0
26506;0
27835;2
17810;2
11002;2
15559;2
13871;1
17307;2
14851;1
13670;2
26911;0
22643;0
23623;0
25759;0
16582;0
14404;0
17484;2
15809;0
23255;0
28141;0
27128;2
15366;0
22300;2
28918;0
19005;0
27770;2
21608;2
19401;2
20663;2
12791;0
19407;2
14973;0
26237;0
11096;2
13624;0
11997;1
17648;2
14425;2
15468;2
18973;2
23636;2
14174;0
23237;0
25902;0
26340;0
27229;2
25098;2
22946;2
11525;2
12059;2
11413;1
13802;2
15378;2
11479;2
20160;1
11122;0
14209;0
28817;0
16254;0
28793;0
17738;0
28094;0
23770;0
28248;0
17137;0
14516;2
12646;2
26037;0
19632;0
21367;0
23711;0
18150;0
11160;2
28810;2
16846;2
11470;0
11983;0
14840;2
12509;2
11460;1
11902;2
14428;2
14655;2
11883;0
11178;2
11806;2
19770;2
28032;2
21212;0
22795;2
27956;2
15301;0
13696;2
22448;2
23764;2
25378;0
25129;0
20941;0
24437;1
26315;2
23858;2
16694;0
15974;2
12077;2
28674;1
19450;1
11298;1
24778;2
19440;2
11664;2
19778;0
17640;0
28967;0
28003;0
19090;0
18259;2
12602;2
18346;2
29000;0
19408;2
24317;0
12979;0
28998;0
14921;0
22639;2
19177;0
21720;0
27774;2
28309;2
15126;2
14857;2
17254;2
17036;2
11827;2
11493;2
18707;2
26748;2
13870;2
11816;2
11395;2
28410;0
18632;0
13698;0
20199;1
24776;0
21601;1
18549;2
12032;2
16887;2
21159;2
27777;2
17070;2
15561;2
13962;2
11741;2
16482;1
22112;1
15498;2
15526;2
24899;2
18758;2
12011;1
11837;2
11326;2
11297;2
26743;2
14307;0
21022;0
27806;0
26691;0
18197;2
16193;2
12113;1
14678;2
17243;2
23937;0
18094;2
20588;0
26865;0
25435;0
18963;2
29268;0
17705;0
17302;2
11351;2
14102;1
17385;2
14939;2
18286;0
18871;0
18303;2
11492;2
14782;0
12793;2
25102;0
22492;2
21787;0
12938;2
27293;0
19920;2
18273;1
11353;1
11965;2
23412;1
11528;1
12639;0
19703;0
16235;0
27176;0
22287;0
29228;0
16039;0
24064;0
12593;2
11714;2
11866;0
15397;0
21234;0
28542;0
11162;2
13235;0
13568;0
18449;2
11317;0
24608;0
11459;2
14081;2
28770;2
11832;2
16936;0
19056;0
21649;2
21500;0
21646;2
18530;2
14799;2
25646;0
29249;0
18017;0
27807;0
24894;0
12046;2
18267;0
20210;2
23252;0
24855;0
24103;2
19643;0
24206;2
16802;2
28498;0
19533;2
16232;2
16927;2
17657;2
11882;0
11507;2
13206;2
16611;0
11884;0
11950;0
11865;2
16942;2
13862;2
14518;2
25640;1
25788;0
16013;2
22345;2
23109;0
26493;0
17806;0
14703;0
21565;2
26838;0
21048;1
21024;1
21619;2
11023;2
24429;2
12071;2
19380;2
13318;2
22064;0
12906;0
23406;0
12244;2
15742;0
20779;0
26873;2
16812;2
19010;0
14845;0
25835;0
23130;0
25615;2
17994;0
22646;2
24521;2
19392;0
23140;2
23861;0
22327;2
11931;2
11382;0
24614;0
15826;2
12895;2
14633;2
11998;2
15922;2
17082;2
13667;2
23046;0
24297;0
24469;2
22097;0
21525;0
17016;2
17850;2
13856;1
14058;2
24612;2
16675;2
18296;1
28391;0
20146;0
25890;0
22281;0
16441;0
18111;0
16627;0
16477;0
18751;0
17554;0
16877;0
22143;0
24083;2
17035;2
20378;0
23602;0
27222;0
26736;0
19185;2
25675;2
19535;2
21459;0
25672;0
29248;0
21070;2
23223;2
29214;0
13341;0
25521;2
23801;2
11826;0
16593;2
11984;2
12503;2
11398;2
12530;2
11922;2
15217;0
11637;0
15137;2
19432;2
11819;2
15125;2
11650;2
29247;2
13485;0
21650;2
19241;0
11523;2
27837;0
26543;0
28327;1
27815;2
22970;2
16221;2
11647;1
19448;1
21252;2
26673;2
11663;2
13639;0
20361;0
28323;0
17649;0
12514;0
11737;0
17583;0
25815;0
18635;0
16222;2
12948;0
21110;0
23758;2
19521;2
14166;2
29411;2
18469;0
16459;0
11723;0
19459;2
19336;2
20154;2
11217;2
29391;2
19381;2
22642;2
23069;0
19544;0
14820;0
17211;0
24389;2
14505;0
21050;1
19639;2
28107;1
23630;1
26250;0
16223;1
11665;2
18644;2
11378;2
11534;1
11979;1
12054;0
12892;2
21031;1
14830;2
11688;1
16740;1
26317;2
20838;1
12012;2
13349;0
28737;0
20334;0
12869;0
26551;0
19247;0
22559;0
17165;0
18282;2
15158;0
23289;0
27910;2
18990;2
21630;0
21648;2
26480;0
25097;2
22739;0
27192;0
16418;0
13499;0
23449;0
11703;2
15052;0
16910;2
14125;0
13120;2
13613;2
13268;2
12040;2
12260;2
16405;2
18483;2
14859;2
17086;2
11834;2
14073;2
24952;0
24292;0
22640;2
28049;0
25719;0
28326;1
24662;1
11198;2
15461;2
22893;2
21092;2
14011;1
11425;1
12132;2
19262;0
29290;0
11923;0
14008;0
14507;0
16057;0
20940;0
26401;0
21715;0
23502;0
27953;2
14916;0
14707;0
11081;2
16454;0
15031;2
14848;0
11817;0
11432;1
17381;0
11957;0
16166;0
23209;2
19451;2
11825;2
28769;2
18055;2
28450;0
25743;1
13153;2
26985;1
28402;0
24930;0
12716;2
27821;1
17637;0
24777;0
14339;0
25096;2
16663;2
23164;2
12295;2
21574;2
11485;1
16870;2
12277;1
11724;2
26599;0
17014;0
12567;2
11961;0
26395;0
22705;0
19826;2
25803;2
27729;2
28903;0
23989;2
14468;0
15112;0
25156;0
17369;0
12506;0
21442;0
18053;0
16563;2
15216;2
11098;2
25820;2
21254;2
16568;0
21033;2
18557;2
22653;1
22924;2
25701;2
19570;2
28678;2
18926;0
13884;2
11346;1
13275;0
20460;0
25616;0
25547;0
21030;0
13596;0
24415;0
12837;0
12367;2
19277;0
20255;2
28101;0
27002;0
22167;0
23682;0
14901;0
11404;0
14644;0
18145;2
18986;0
14156;0
17786;2
11329;0
11115;2
14582;0
14359;2
14940;2
11231;0
11065;0
15720;0
11831;2
26123;0
28631;0
21003;2
22055;2
21061;1
19402;2
19529;2
21647;2
16514;2
11793;0
15631;2
13668;2
12123;1
11500;2
20861;2
26667;1
11227;2
19766;2
27420;0
21382;0
15414;0
19327;0
15469;0
15330;0
19405;2
27283;0
22620;2
22090;0
18687;0
22052;0
13339;2
17105;2
13815;2
11675;0
13138;0
11642;2
13095;2
11820;2
16097;0
17975;2
19455;2
11953;2
18967;0
18384;2
17092;0
27996;0
11016;2
24141;0
21309;2
25627;2
18885;2
13848;2
11618;2
12052;2
13854;2
28673;1
11946;2
11276;2
11414;1
23172;2
21332;2
16324;2
17601;2
11406;1
11113;0
11619;2
14087;2
25645;0
26904;0
25844;0
22491;0
17368;0
14231;2
18290;2
12643;2
24829;0
16119;2
22328;2
26468;0
29451;0
22455;2
14465;0
23088;0
18583;0
28764;0
18757;0
16888;2
11234;0
18252;0
11635;0
17964;1
17983;1
14101;1
16608;0
18604;0
11620;0
11531;2
11691;2
29398;2
19531;1
22462;2
21111;0
22275;1
21190;0
20391;2
26348;2
24516;0
19409;2
23618;1
23225;2
20839;2
18701;2
14053;2
11250;1
11457;1
11307;1
11233;2
16713;2
13060;1
11412;1
11243;1
24561;0
12374;0
26420;0
17630;0
11527;0
24890;0
23750;2
22365;0
19695;0
25626;2
22288;2
26141;0
15198;0
25612;2
24393;0
19080;0
28301;0
16666;2
17628;2
18307;0
20157;0
16584;2
16085;0
14426;2
16133;2
12035;2
19954;0
17251;2
19534;2
14866;0
23629;1
13458;0
11683;1
20159;2
11666;2
24523;1
12061;0
28333;0
22301;0
20343;0
18569;0
29040;0
14512;0
23679;0
28971;0
21581;0
17540;2
20981;2
29130;0
22289;2
14145;0
27441;0
23784;0
11284;0
13285;2
13944;0
26272;0
17771;0
25849;0
26414;2
16539;2
20944;2
23824;0
20138;2
19443;1
11480;2
14604;2
19087;0
19771;2
12050;1
23695;2
22980;0
11438;0
28409;0
21391;0
28604;0
21868;0
12091;2
12327;2
14317;2
24669;2
15443;0
21412;0
18095;2
26032;0
21602;2
22848;0
25335;0
17096;0
12202;0
11494;2
13158;2
19584;0
11260;0
14951;2
17284;2
17107;2
20152;2
11678;2
14208;2
18302;2
11350;2
26807;0
29428;0
22839;0
21021;1
28535;2
11324;1
17715;1
14051;1
11146;2
18249;1
11216;2
18484;2
18288;2
13882;2
11189;1
25839;2
28456;0
28719;0
21507;0
19733;0
18102;0
12931;2
17291;2
23235;0
17447;2
27978;2
12965;0
26598;0
13360;0
21887;0
13372;0
26505;0
28392;0
23635;2
29425;0
23452;0
15140;0
18275;0
17701;2
13758;0
11483;2
13998;2
11885;2
18482;2
24497;0
29014;0
13508;0
21609;2
16886;2
24529;2
25752;2
24550;0
26573;0
23277;0
26788;0
25697;0
26233;2
22163;0
23050;0
22154;0
26861;0
24522;1
22544;0
16018;2
24820;0
21041;1
20696;2
24528;2
15558;2
17629;2
22038;0
21059;1
14704;2
11055;2
11947;2
11410;1
19493;2
11529;1
13732;2
27400;0
19727;0
28533;0
23070;0
11978;0
18677;2
15257;0
15430;0
14761;0
21339;0
16814;0
15821;2
15278;0
24746;2
19168;0
26278;0
16209;2
18110;0
28730;0
17506;0
17993;2
24989;0
24609;0
18254;0
13521;0
15172;0
17647;1
11381;2
16617;2
11119;2
12502;2
13790;2
23249;0
27323;2
23785;0
18962;2
11526;2
23729;0
26017;2
21603;2
18251;2
12058;2
24613;2
11422;1
17514;1
16703;2
29388;2
19499;2
18308;2
18700;2
11056;1
11380;2
11996;2
27331;0
18775;0
19346;0
26489;0
22028;0
27800;0
15592;0
12176;0
27968;0
25923;0
18664;2
26195;0
27040;0
16953;2
13510;0
26989;0
28720;2
15820;2
22693;2
16511;0
11700;2
12089;1
11868;2
11416;2
11547;2
12708;0
18272;2
22950;2
22276;1
21120;2
13663;0
23224;2
22338;2
21840;0
21883;0
24093;1
26852;2
12742;2
11394;2
11302;2
11496;1
20453;0
27624;0
27415;0
20681;0
20237;0
18935;0
17685;0
12197;0
12247;2
21366;0
12724;0
13872;0
15861;0
23690;2
24486;0
20050;0
24660;2
18889;0
19713;0
15681;0
15157;2
14446;2
13860;0
14561;0
13635;2
21618;2
23311;2
25439;0
24652;0
23831;0
28908;0
25045;0
27184;2
28226;0
15617;0
11522;2
12533;2
11327;2
14091;2
20142;0
25749;0
26199;0
23466;0
24494;0
20130;0
29287;0
25801;0
19088;0
27981;0
26132;0
21861;0
13818;0
15476;0
25337;0
20492;2
18960;2
25146;2
16384;0
19781;2
16848;2
15413;2
11488;1
11344;1
17976;1
12060;1
11207;0
20158;2
16406;2
23559;2
17276;2
19532;1
13234;0
21762;2
23411;2
18699;2
12806;1
18293;0
16427;1
11325;1
11763;2
11641;2
21176;0
27502;0
28274;0
18191;2
13171;2
15136;0
13574;0
18174;0
22282;2
18987;0
20204;2
27066;0
19403;2
25799;2
27942;2
14245;0
14052;2
18470;0
17074;2
13491;2
18329;2
13260;1
14150;2
19969;2
13883;2
15562;2
16664;2
17882;0
21918;2
16334;0
22846;0
16227;2
21652;2
18250;2
19477;2
11830;2
17305;2
11818;1
12053;2
16609;2
12807;1
15507;2
11323;2
12131;1
13540;1
13615;2
24741;0
28607;0
12098;2
15766;0
24094;0
18835;0
26584;0
15319;0
20958;2
29393;0
29307;0
20183;2
18454;2
16491;1
26749;0
12283;1
14291;2
14557;2
13582;2
23670;0
25310;0
16781;2
20537;2
22818;0
28237;0
24839;0
16041;0
25811;2
24063;2
11296;2
24611;1
17374;2
11420;1
18309;2
29495;2
30036;2
30062;2
29547;2
29926;2
28788;0
23962;0
29790;0
29860;0
23556;0
11693;0
30078;0
15138;2
29575;0
13015;0
15640;0
27659;2
28311;2
24994;0
24940;0
24293;0
23941;0
19413;2
16192;2
29777;0
29908;2
11468;2
29657;2
15571;0
14079;2
29516;2
29723;2
29936;2
29845;1
29597;0
30086;2
13199;0
16392;2
15856;2
11746;0
16338;2
18301;2
12204;2
22895;2
13571;0
14204;0
21407;0
29079;2
20200;2
15703;0
16982;2
27688;0
19344;0
14329;0
22330;2
22284;2
14870;2
14567;2
29630;2
30002;1
29556;1
29991;1
29713;2
29800;2
29567;1
30035;2
29640;2
29952;2
11409;2
30076;1
29705;1
29968;1
29511;1
30030;1
29888;1
29698;1
29716;1
29538;1
29539;1
29627;1
29865;1
29598;1
29684;1
29816;1
30023;1
29919;1
29615;1
29996;1
29780;1
29601;1
29544;1
29907;1
29619;1
29896;1
29910;1
29880;1
29947;1
29521;1
29913;1
29618;1
30093;1
29519;1
29725;1
30011;1
29911;1
29868;1
30022;1
29979;1
29784;1
29727;2
29899;1
29558;1
30059;1
29764;2
29830;1
29724;1
29561;2
29564;1
30085;1
30042;2
29593;1
29945;1
30094;1
29819;1
29985;1
29753;1
29756;1
29779;1
30060;1
29846;1
29857;1
29524;2
30091;2
30095;1
29851;0
29719;1
29588;1
29590;1
30026;1
30073;1
29691;1
29977;1
29928;2
29717;1
29983;1
29665;1
29942;1
30117;1
29797;1
29923;1
29731;1
29616;1
29569;1
29895;1
29995;1
29789;1
29706;1
30021;1
29828;1
29848;0
29798;1
30054;2
30005;2
29997;1
30014;1
29792;1
29666;1
29918;1
29522;1
30063;2
29863;1
29633;1
29542;1
30112;1
30107;1
30015;1
29503;1
30103;1
29949;1
29677;1
29757;1
29608;1
29712;1
29955;1
29904;1
30009;1
29986;1
29506;2
30058;2
29540;1
30101;1
29509;1
30024;1
29924;1
29732;1
29609;1
29517;1
29901;1
29869;1
29617;1
29817;1
29554;1
30055;1
29571;1
29940;1
30115;1
29814;1
29963;1
29935;1
29543;1
30061;2
29523;1
29984;1
29526;1
29835;1
29643;1
29620;1
30047;1
29786;1
29586;1
29675;1
29560;1
29626;1
29818;1
19201;0
21013;2
11057;2
11224;2
12272;2
12281;2
16310;2
11290;2
26825;2
20037;2
23597;2
15548;2
19435;2
14181;1
11090;1
11095;1
16400;2
11451;1
26382;0
22398;0
11069;0
11101;1
11252;1
26306;2
24421;2
19264;2
12461;2
16327;1
20837;2
13742;2
29137;2
11064;2
21576;2
19169;2
20722;1
11077;2
14189;2
14275;2
18238;2
24661;2
13778;2
11339;2
19361;2
11144;1
24102;2
11145;2
24433;1
11124;2
12384;1
15630;1
15552;1
18242;1
11450;1
19211;0
19422;0
19326;0
19269;0
17949;1
14264;2
20832;2
15554;2
19199;2
18957;2
28206;2
21857;1
14927;1
11444;2
22445;2
21040;1
16799;0
24420;2
28757;0
21039;0
11246;2
13744;2
26308;2
16098;2
11021;2
21466;2
22441;1
11005;2
18902;1
13746;2
21056;2
25608;0
22262;0
24404;0
25087;2
11036;2
29401;2
24405;2
11082;1
11175;2
25780;2
25769;2
11453;2
11004;2
11104;1
18207;1
11271;2
22323;0
11042;2
23759;2
22274;2
19240;2
16015;2
14046;1
11481;2
16291;2
18900;2
27744;1
11052;2
26656;1
22459;0
27765;0
11022;2
21448;2
19382;0
11387;2
11009;2
19271;2
26309;2
24414;2
25085;2
26381;1
21858;2
13747;2
15276;2
11025;1
15017;1
18210;1
19424;1
11286;1
13058;1
11266;1
24605;2
23104;2
17511;2
11037;2
22669;0
28201;2
19213;2
21597;2
22808;2
19362;0
11291;0
22931;0
18698;2
11158;1
19160;2
22630;1
18219;2
11337;1
18222;1
22614;2
20977;2
14078;2
27799;2
28671;0
16391;0
11237;2
11000;1
11015;2
20039;2
21470;1
24427;2
16132;2
18241;2
17700;2
16570;1
11403;1
22273;2
11053;2
16792;2
13662;2
16662;2
22393;2
11616;1
19475;2
22668;2
26862;2
21487;2
19198;2
11075;2
11018;2
17098;2
19433;2
26311;2
29043;2
21014;1
23606;1
16798;2
19170;2
16316;2
16937;1
20036;2
11171;2
15555;1
16687;2
18213;2
11289;2
11001;1
19202;2
28694;2
18899;0
12264;2
11259;2
26657;2
16804;2
16794;1
22436;1
16805;1
26654;2
18907;2
11168;2
21300;0
23607;2
27819;2
22828;2
22932;2
16803;2
11041;1
16807;2
14146;1
19159;0
26831;2
25088;2
18244;0
11452;1
11088;1
24606;2
11739;2
22254;2
25605;2
11272;2
11107;2
11080;1
14198;2
20834;1
23688;0
11316;2
19212;2
16218;2
11092;2
18217;2
26307;2
21017;1
24413;1
11275;2
12308;1
11063;1
21488;1
15549;2
19171;2
11010;2
16231;1
22312;2
29042;2
17513;2
14945;2
18903;2
21331;1
11417;1
11247;1
26658;1
18214;2
11281;2
21349;2
11239;1
11109;1
20181;0
11154;0
21465;2
21438;2
19416;2
16394;2
22109;2
28672;2
11835;2
28667;2
22613;2
21469;2
13849;2
19437;2
11191;1
16388;2
11152;0
25722;2
25611;2
18218;0
11129;0
11455;2
14047;2
21501;2
18209;2
18205;2
19428;2
11072;1
11942;2
11295;2
13745;2
11070;2
11103;1
22414;2
26995;2
13741;0
14007;0
19763;2
19270;2
24434;2
22259;1
16797;2
25795;2
11156;2
15557;2
11388;1
18240;1
24417;2
18220;0
16339;0
11167;1
11454;2
11446;1
19359;2
13789;2
19393;2
11062;2
22415;1
22260;2
25092;1
18243;2
11054;1
12301;1
16793;1
11093;1
12462;1
17833;2
11270;1
11267;2
23310;2
11155;0
21439;0
24403;2
25723;2
21004;2
26655;0
18246;2
19335;2
28298;2
11332;2
22631;2
27745;1
11083;2
26312;1
28203;0
11328;2
24061;2
16702;0
11242;1
14050;1
16569;2
17644;2
26994;2
28207;1
22432;1
22940;2
19320;2
28758;2
13774;2
26666;2
11333;2
18958;2
11003;1
15553;2
11336;2
24425;2
11084;2
11060;2
11058;1
14775;1
11445;2
12397;2
19417;2
27949;2
24883;1
29356;1
11335;2
17512;2
11447;1
16311;2
22667;2
18697;0
20716;1
18212;2
11278;2
19418;2
19341;2
18468;2
27766;1
11265;2
11136;1
25779;2
24386;2
11341;1
16944;1
16693;2
28136;0
11264;1
11340;1
21534;2
11282;1
11456;1
19167;0
18544;2
12307;1
12271;1
11017;2
22785;2
25618;2
20180;2
15551;2
23105;1
11334;2
11249;1
19360;1
20038;0
28204;2
22822;2
18467;0
11105;2
11106;0
11257;1
11076;2
11615;2
23859;2
11345;2
19225;1
25609;2
25793;2
21600;2
25625;2
29355;2
20982;2
11061;2
11292;2
11402;1
21575;2
28202;2
25641;2
23234;2
13519;0
11943;1
11261;2
13841;2
11108;2
26826;1
18208;2
19765;2
11240;1
25086;1
11449;1
11400;1
13059;1
11338;2
24604;1
11117;1
22687;2
26864;2
27820;2
11020;2
11241;1
11089;1
21440;1
20824;2
16688;1
11006;2
14066;2
11448;1
12390;2
18906;1
29893;0
24339;0
27873;2
20662;2
29751;0
22261;2
12657;2
22998;2
18239;2
27767;2
22430;2
11245;2
29999;2
11263;1
16313;1
29849;1
24602;0
19058;2
15959;2
13407;1
16156;0
15786;2
12850;2
15729;2
27571;2
24477;0
15992;2
27556;0
15801;2
16180;2
27521;2
27539;2
13949;1
27494;2
27500;2
19943;2
15985;2
15756;2
27568;2
15734;2
14472;2
17998;0
16559;1
13976;2
17952;2
16566;1
17985;1
27559;0
15755;2
12833;2
15802;2
15757;0
15832;0
19036;0
19049;1
24485;2
27486;2
21668;2
15949;2
27524;0
13562;0
25240;0
24587;0
24475;2
21029;2
13517;1
15765;0
25228;0
25226;1
16532;2
15987;2
19899;2
27546;0
15767;2
16159;2
15751;2
11583;2
12846;1
17891;2
16551;1
15990;2
18005;1
27467;0
16029;2
25234;2
14461;2
13978;2
27470;2
19504;2
17984;2
27544;0
27523;0
19316;0
24505;0
24482;0
24585;2
27471;2
21516;2
27485;2
19902;2
27472;1
19031;1
27459;1
16164;2
27540;2
14485;2
14481;2
14495;2
19073;2
21545;2
27602;0
15793;0
27574;1
27460;2
15788;2
16157;0
14470;2
25229;2
24503;2
16548;0
16560;2
15954;2
15968;2
15965;1
15952;1
13404;1
17986;1
16580;1
27554;0
27468;0
12858;2
17932;2
15994;1
16161;1
13557;2
27527;1
14464;2
19070;2
19037;2
24478;2
19517;2
13408;1
27508;0
15784;2
16169;2
17897;2
25243;2
19922;2
15980;0
17885;0
17950;2
16533;1
24592;2
18027;2
15984;2
21517;2
21037;1
27531;0
15799;2
15732;2
25242;0
24504;0
16547;2
17947;2
27492;2
21035;2
27484;0
13254;1
13554;2
27576;0
12867;0
25231;2
17894;2
24481;2
13948;1
24590;2
15983;2
27555;0
27569;2
15833;0
25235;2
24586;0
24506;0
16596;2
15976;2
27543;2
15753;2
16160;2
27572;2
16028;2
19916;1
19048;2
18045;2
24467;2
27473;1
15733;1
12829;2
12827;2
12863;2
15752;2
24480;2
24597;1
24463;2
15964;2
15991;2
13411;1
27534;0
27552;0
27504;0
16027;2
15764;2
27541;2
14473;1
25225;2
27558;0
27551;0
16158;0
16163;2
27542;1
24502;1
13947;1
16436;2
15953;2
15986;1
19032;1
27535;0
16155;1
16026;2
12852;2
27573;2
27537;2
19918;2
24596;2
24474;0
16476;1
21540;2
15961;2
13551;2
27613;0
15754;2
27570;2
19917;1
14477;2
24598;2
24601;0
17989;2
27499;2
18019;2
27547;0
16031;0
15808;2
21658;1
16025;1
17944;2
27498;2
27483;1
27493;1
14484;2
17980;2
24466;2
15989;2
21016;2
15789;2
11590;2
14494;0
17900;2
14471;2
21509;2
27490;2
27489;2
15969;2
15972;1
27488;0
13553;2
27575;0
14457;1
19945;2
21508;2
27553;0
11588;0
13561;2
15800;2
11587;2
15797;2
15785;2
14498;1
19940;2
24465;2
17963;2
16513;2
19903;1
21669;0
27487;0
27549;0
16176;2
14486;2
19321;2
24476;0
24468;0
24484;0
13977;2
30099;0
29900;2
29573;2
30106;1
29562;1
29581;1
29536;2
29788;2
29498;2
29971;1
29484;1
29746;1
29600;2
29649;1
30083;1
29793;1
29954;1
29976;1
29882;1
29833;0
29980;2
29530;2
29739;1
30003;2
29663;1
29998;1
30110;2
20945;2
15903;2
15888;1
27362;1
18147;2
19298;0
27550;0
27275;0
15582;1
12747;2
27427;2
27455;1
25214;2
19288;2
24378;2
24283;2
18620;2
27356;2
15908;1
16426;1
15218;2
15589;2
15586;1
19511;1
14420;0
19289;2
18627;1
17902;2
24303;2
24307;2
24281;0
19474;2
27545;0
27536;0
27277;0
27431;0
27296;2
27281;1
24367;2
24304;2
15941;2
27469;2
15886;2
20979;1
26279;0
15590;1
15596;1
15220;2
27294;1
27450;1
24366;0
17928;2
24282;2
19458;2
20923;2
27271;0
27416;0
15576;0
15719;1
21629;2
27560;0
27262;0
27276;0
15601;1
27274;2
27287;2
15266;1
27452;1
17898;2
24305;2
15909;2
18126;2
17834;1
26582;0
15585;2
15725;2
17945;2
24372;2
18633;2
15890;2
15934;2
27359;2
15899;1
20930;2
27286;0
27424;0
21621;2
27439;2
15267;2
24300;0
24459;2
16430;2
21006;2
21015;2
18168;2
27448;0
15716;1
15228;1
12861;2
12816;2
24461;0
24381;1
27365;2
27261;0
15722;1
21614;0
15587;2
15597;0
25221;1
19506;2
14442;2
24460;0
19452;2
27341;0
18160;1
27295;2
12826;2
19912;1
24462;2
24377;2
17934;2
27340;2
15914;2
18136;1
17780;2
27264;0
12860;2
27279;2
14447;1
15904;1
27423;0
15215;1
12825;2
15646;2
27418;2
24365;2
16415;1
24361;1
18625;2
27342;2
27366;0
12874;2
16425;2
19286;2
16432;2
27453;2
15214;1
15425;0
14419;1
14434;1
14452;2
18028;2
27446;2
15717;2
15644;2
15226;0
25213;2
14448;2
25218;2
24362;2
20980;2
15893;1
27354;0
13252;2
27269;0
27288;2
15578;1
15262;0
25138;0
19911;2
17827;2
14449;2
21105;2
27348;1
27346;1
27370;0
18166;1
15221;1
19294;2
24364;1
27355;2
27352;2
19480;2
17779;1
27272;0
15227;1
15723;2
27280;2
15438;2
24458;0
16416;1
17929;2
21104;1
26615;0
15726;2
15219;2
15435;2
25127;2
14438;2
17940;0
13912;1
21008;2
12873;2
15647;2
25133;2
16433;2
15944;2
27421;0
21642;2
14421;1
14433;2
25126;2
24371;1
15897;2
20970;2
18177;1
18135;2
18141;1
27268;0
15724;2
27273;2
15223;0
14453;1
19285;2
25215;2
24360;2
24302;0
24368;2
20914;1
18127;1
18173;1
21622;1
15229;2
14451;2
24457;2
17942;2
15901;2
15902;2
15918;1
13253;2
27557;0
27266;0
27258;0
12813;2
15439;2
15645;2
15588;2
27407;2
14439;2
16431;1
27371;2
27353;2
19473;2
20913;1
13251;2
27260;0
27440;2
15591;2
15436;0
17831;2
17830;2
17787;2
17941;2
21106;2
26294;0
26572;0
27263;0
27292;0
15265;2
15642;0
15885;2
15948;2
27339;2
19311;2
27405;0
15600;2
15643;2
15268;0
14456;1
19314;2
14440;2
19510;2
24301;0
24274;2
17946;0
18026;2
15937;2
16424;2
26310;0
27289;0
27425;0
27449;2
15575;2
15225;2
15892;1
15915;0
21130;0
18158;2
29505;0
15595;0
27447;2
15648;2
21620;2
15580;2
27291;0
25222;0
30040;0
30032;0
29989;2
29993;2
29853;1
29515;1
29930;1
29946;1
29990;1
29662;2
29507;1
29988;2
30074;1
29680;1
30012;2
29885;1
29961;1
29892;1
29703;1
30045;1
29953;1
29836;1
29667;1
29876;1
30108;1
29699;1
30028;1
30017;1
29513;1
30044;1
17769;2
26922;0
21067;0
20912;1
27257;0
15150;2
19257;1
14412;0
17777;2
24178;1
16288;2
24168;2
16273;2
26795;1
17773;2
25121;2
17765;1
13905;1
24257;2
17977;2
15041;2
15033;2
27250;1
13904;0
24247;0
17768;2
15873;1
26918;1
15121;1
15133;2
15038;0
15030;2
24165;2
13897;2
26919;2
15771;1
15134;2
27429;0
27205;0
19283;2
17990;2
19426;2
26920;2
15845;2
21053;2
15865;1
27227;0
15037;2
15028;2
15182;0
14413;2
19284;2
24161;0
24179;2
17893;0
13907;2
17764;2
15844;2
15778;2
21044;2
17825;1
27256;0
27235;0
15209;1
15040;2
15135;2
27114;2
15042;2
24176;1
17974;2
16268;2
24250;2
26917;2
19441;2
27254;0
27299;0
25113;1
14394;2
13898;2
17978;2
15843;2
19447;2
15852;2
14385;2
19436;2
15781;1
17778;1
15178;1
21613;2
15184;2
24164;1
20874;2
19446;2
19434;2
27239;0
12548;1
24174;0
24252;1
24169;2
17972;2
12624;2
12853;2
15036;2
27117;2
15170;0
24251;0
24244;2
24166;1
24271;2
24172;2
24175;2
24242;2
15842;2
26797;2
26923;0
17811;1
15151;0
15044;1
14414;1
14415;0
16412;2
12745;1
15127;2
19197;1
16404;1
27206;0
15035;0
16289;2
17784;2
15841;2
15770;2
26924;2
27212;0
15043;2
14398;2
24162;2
18000;2
24270;1
15129;2
27234;0
12713;2
27195;0
13896;2
24273;0
24272;2
17979;2
20876;2
27406;2
20870;2
15780;2
26235;0
27232;0
27255;0
12712;1
12839;2
15205;2
19254;0
14386;2
17848;2
20896;2
15122;1
27228;0
15181;2
25111;2
24171;1
17799;2
26796;2
21060;2
12808;0
17781;1
27211;0
27240;0
12735;2
15183;2
27116;2
12736;1
14392;0
24170;2
15120;2
15130;1
21582;2
15204;2
15180;2
13910;2
15032;2
15027;2
12855;2
12546;2
15179;1
14406;1
25115;2
24173;1
24248;2
21071;2
15768;2
15769;2
27226;0
15208;2
15029;2
15211;2
12521;1
12856;1
17847;0
24249;2
15840;2
26921;2
27231;0
15213;0
15152;1
15144;0
25114;2
25112;2
24167;0
24241;2
18021;1
24163;2
15015;2
14411;2
12859;1
27251;0
27201;1
15022;2
15210;1
19274;0
25119;2
14417;2
14400;2
24266;2
19442;2
26916;0
21595;2
12854;2
15169;2
17775;1
14418;2
17796;1
13911;1
15171;2
24177;0
13903;2
27193;0
21589;0
12857;2
15192;2
27199;2
15145;2
15185;2
15207;2
15143;0
25108;2
17981;0
17789;2
19427;2
15882;1
15851;1
16286;2
12501;2
25120;2
17824;2
17873;2
29545;0
29661;1
29610;1
29782;2
29890;1
29718;2
29973;1
29889;1
30057;2
29549;1
29858;1
29613;1
29594;1
29636;2
29771;1
30104;1
29937;1
17892;1
23999;2
23652;2
15677;1
27089;0
27096;2
14374;2
23659;2
26200;2
14304;2
14286;1
14672;1
14346;0
15920;2
25052;2
24160;2
24004;1
23994;2
24159;2
15568;2
21012;2
16261;1
27093;2
14671;1
24002;1
17958;2
21018;2
14325;1
14667;1
17198;1
17209;2
27090;0
12484;2
23656;0
23992;2
12648;1
14235;2
27297;0
27404;0
23661;2
19419;2
26750;2
27298;0
27091;0
27103;2
14347;1
14236;1
14277;2
27094;0
17948;2
17965;2
27270;0
21423;2
14379;1
23658;2
14305;1
14303;1
17966;2
26754;2
29482;0
12495;2
19188;2
14380;2
13895;2
14310;2
27285;0
14378;1
23993;1
21036;2
15569;0
26751;0
29450;0
27086;0
14523;2
19046;0
25106;2
20854;2
12645;2
19196;1
16204;2
27106;0
25057;0
14366;2
24007;1
23663;0
17962;1
26761;2
14676;2
14308;2
14300;2
15924;1
15687;1
15925;2
27095;0
12487;2
21400;1
17770;2
17933;1
23664;2
17960;2
14238;1
14323;2
12499;2
21336;2
25037;2
17968;2
16051;0
23662;2
24008;2
17959;2
12653;1
16205;1
14377;0
27108;0
21352;2
24000;0
17969;2
16259;2
21011;1
14666;1
12658;1
17199;1
27081;0
13887;0
23996;1
14287;2
14261;2
14673;2
27080;0
29483;0
17896;1
23660;2
15750;2
26763;2
21027;2
14224;2
15678;1
27079;0
27083;0
14855;2
21354;2
14670;2
15014;1
23995;0
24006;0
17943;2
14276;1
14299;0
19067;1
26202;2
14279;1
27097;2
23665;2
23651;2
14230;1
27104;2
16052;2
23998;2
21020;2
14324;2
14326;1
14668;2
14306;2
27088;0
29479;0
14348;2
12479;2
25053;2
25051;2
21034;2
14262;1
17221;1
27105;2
12475;1
19065;0
14367;2
15737;2
15710;1
15921;2
14382;1
14381;2
23655;0
23653;1
24005;2
12644;2
14263;1
14301;2
14226;2
17220;2
16203;1
21348;2
27092;1
12500;1
25107;1
17937;1
24001;0
13894;2
17762;2
17761;2
14225;2
14322;0
15923;1
19057;2
24009;2
26764;2
14345;2
14316;1
16262;2
27107;0
24003;1
19366;2
15565;2
14681;2
14234;1
27087;0
26533;1
26115;1
26753;2
15739;2
26752;2
12647;1
14302;2
29884;0
25036;0
29852;0
29743;1
29726;2
29490;1
29659;1
29872;1
30102;2
29758;2
15532;2
20847;1
14064;1
14020;1
17181;2
27044;0
23544;1
17841;2
14357;2
15538;2
20921;2
19338;1
14012;1
15623;1
23573;2
20917;2
26740;2
12623;2
14030;2
16826;1
17184;2
15676;2
14354;2
23648;0
17798;2
23534;2
17794;2
23425;2
15535;2
15540;2
13975;1
12302;1
27021;0
14356;2
17813;2
26745;2
23538;2
17803;1
23422;2
20975;2
17093;2
12298;1
17114;1
23572;2
23435;2
15542;2
20933;2
12330;1
29414;0
27051;0
27067;0
25030;1
17752;1
25032;2
15666;1
23434;0
23574;2
23546;2
15528;2
26663;1
12622;1
27047;0
23542;2
15663;2
20931;2
14031;2
27076;0
27069;0
14343;2
23540;2
15547;2
14070;2
14218;1
14033;1
12599;1
14048;2
15624;2
17183;1
27045;0
17756;2
23539;0
23547;2
17812;2
23429;2
27068;0
14132;2
17754;2
17790;1
12612;1
14219;1
21305;2
23433;0
23649;2
26747;2
14215;2
14039;2
14214;2
27267;0
27063;0
25022;2
14355;2
15651;0
13866;1
13886;2
15665;2
15527;2
14071;2
17103;1
14364;2
23533;2
14210;2
12297;1
12388;2
14362;1
19038;2
16940;2
23436;1
19324;2
14220;1
27077;0
27050;0
14133;2
13994;2
17815;1
17849;2
14038;1
14045;1
12615;2
14055;1
21311;1
21272;1
23645;2
20843;0
12608;2
12609;1
27056;0
29397;0
17828;2
19323;2
15523;2
26746;1
14216;2
14211;1
17766;2
17767;2
13997;2
12378;0
17793;2
23640;2
14065;2
27074;0
21284;2
25029;2
23593;1
15529;2
15531;2
15537;2
15534;1
17191;2
29404;0
27058;0
21266;2
25021;2
25035;2
17792;1
13873;2
26113;2
12619;2
14032;1
15637;1
27078;0
27073;0
27017;2
23575;0
23541;2
17829;2
23423;2
15521;2
27020;0
14130;2
25034;1
14337;2
17795;0
23432;2
17889;2
20845;2
26662;2
20922;0
29415;0
12386;1
19040;2
23545;0
17890;2
15525;2
16830;2
26815;0
14134;1
14129;0
25033;0
13865;2
26744;2
14049;2
27054;0
27064;0
29766;2
14342;2
14365;2
13885;1
23431;2
29855;2
29583;2
29925;1
29541;1
30004;2
23343;2
15085;1
26731;0
21138;2
20708;2
23321;1
23119;2
19319;2
15501;2
13648;2
25020;2
16549;1
17744;1
17782;2
23116;2
17747;2
26589;2
19035;0
13971;2
13965;2
16572;0
23331;0
20890;1
26698;2
15463;1
23323;2
26660;2
13637;2
13633;2
12460;1
29380;0
26723;2
23420;0
23325;2
26661;2
28885;1
14334;2
23410;2
15506;0
12559;2
16565;2
29364;0
20842;2
15484;2
26651;2
15500;1
13646;1
12404;1
13632;2
17739;2
14290;2
23348;1
23322;1
17639;2
23320;2
13629;1
13625;1
16824;1
19030;2
14292;2
26529;2
20836;2
13649;1
13619;1
26726;0
25011;2
13645;2
12486;1
15093;2
26724;0
26591;2
13974;1
13957;1
26725;0
17720;1
20835;1
13973;2
26013;0
26728;2
25010;0
15462;2
15518;2
13644;1
26710;0
26694;1
13529;1
14297;2
23117;2
15502;2
15480;0
12560;1
15086;1
15095;2
26703;2
13526;2
12275;1
14298;2
26040;2
15481;2
20880;2
20841;2
13616;2
13638;1
13636;1
16587;1
26735;0
12492;2
13626;1
13953;1
26814;0
26727;2
26705;0
17772;1
16540;2
23313;2
17632;2
26653;2
13966;2
13960;1
26734;0
17714;2
19034;2
17755;2
15482;1
13618;2
13650;2
12473;2
26811;0
26711;0
23324;2
12526;1
26801;0
13528;2
24921;1
23316;1
23314;1
15451;2
15499;2
26588;2
15483;2
13970;2
20736;2
24922;2
13964;2
16603;1
26786;0
26805;0
13527;2
26718;1
24924;1
15455;1
15503;2
26652;2
15520;1
13967;1
13955;1
13643;1
29361;0
26717;0
15489;2
15492;1
13620;2
13651;1
12463;1
16567;2
17716;0
14336;2
17753;2
23409;2
23118;2
17750;2
20886;2
13959;1
21148;2
26695;2
16821;2
26729;2
23121;0
23120;0
23421;2
23408;2
23344;0
15497;2
13958;1
12459;2
13622;2
26049;0
20885;2
20892;2
19318;2
15517;2
13631;2
13647;2
13630;2
12276;2
16552;1
16538;2
15493;2
15491;1
15094;1
26708;2
24923;1
14335;2
23332;0
30098;0
26563;2
13128;1
13111;1
17202;1
24915;2
14944;2
22910;0
17626;2
12382;0
28736;0
23099;0
22937;2
22930;2
16466;0
14995;1
17115;2
23107;2
19313;1
15410;1
27252;0
27253;0
14268;2
16429;2
15004;2
22933;2
13115;2
13103;1
25995;0
26647;1
26624;2
18171;1
23100;2
22966;2
16534;2
26549;1
13130;1
25999;0
24914;2
13728;1
15079;2
12391;2
13091;1
13160;2
27242;0
26627;0
26608;1
13729;1
13715;2
19293;2
26548;0
13131;2
18626;1
12270;1
15067;2
17094;2
15467;2
20872;2
20829;2
13090;2
13118;1
28749;0
12228;2
26607;0
18183;2
22938;2
22986;2
22926;2
15061;2
15432;2
20869;2
20680;2
26610;2
26625;2
14270;2
14283;2
13722;1
15475;2
15429;2
15474;2
20875;2
17192;2
17185;1
28750;1
20670;2
12230;2
26623;2
13524;2
26681;0
24916;2
13725;1
14965;2
13721;2
26570;2
26547;1
13109;2
13129;2
13108;1
14976;2
27259;0
20665;1
13156;2
22934;2
15002;2
13134;2
28728;0
26644;2
26616;2
13518;2
28751;2
26646;2
26609;2
12237;1
18185;2
22988;2
23101;1
23097;2
12394;2
13106;2
28739;0
26614;0
12266;2
26650;0
17646;2
23106;1
22935;2
26569;2
26568;2
15428;2
13113;2
17207;2
12231;2
26632;2
24919;1
13726;2
14948;2
19296;2
26571;2
15422;1
20726;1
15419;0
13133;2
13123;2
26504;0
28756;2
22906;0
17085;2
20831;1
17218;1
26604;2
14946;2
14960;2
22936;2
26561;2
26562;2
15399;2
19315;2
20833;0
13122;1
26684;2
26622;2
14242;1
19029;1
16414;2
22958;2
13716;2
22905;0
22921;1
19295;0
13119;1
16448;1
26676;2
24918;0
14256;2
22943;0
13724;0
16411;2
16422;2
22908;2
26560;1
13105;2
13112;1
13104;1
17203;2
15082;1
26638;1
26617;1
14284;0
19337;2
18176;2
16442;2
15064;2
15071;0
15072;2
22959;2
13736;2
15427;2
15417;2
20879;1
13139;1
26635;2
20656;2
28740;0
26631;0
14255;1
15003;2
26566;1
13135;2
13132;1
12402;1
26606;1
26602;2
26603;2
24920;2
14272;2
26567;2
20808;2
20866;2
13126;2
12229;2
24913;2
22929;2
22939;2
26587;2
17214;1
26512;0
20669;0
26642;2
26611;2
13525;1
24912;0
24917;2
14966;0
22909;1
13734;1
22942;1
17097;2
15409;2
26447;2
15404;2
20828;2
15433;2
17225;1
26641;2
26626;1
18167;1
12380;1
13110;0
20651;2
14998;2
22987;1
13735;2
15471;2
15411;2
19309;2
13107;2
27265;0
26503;0
26618;2
26645;2
12232;2
22907;2
15466;2
13117;1
14267;1
14957;1
16946;2
22912;2
23098;2
23102;2
16475;2
13733;2
15070;2
19297;2
12385;2
26633;1
26619;2
14253;1
14289;1
15472;2
19310;2
26585;0
13114;2
17182;2
26634;2
14288;1
13718;2
22913;1
13730;1
16451;2
17627;2
22927;2
20830;2
15473;0
29934;0
26649;0
14285;2
29832;2
29969;1
30064;0
29674;1
13492;1
13487;2
22577;2
15372;2
15389;2
26540;2
14121;2
16305;0
26429;2
14931;1
16589;2
28727;0
24907;2
22404;0
20863;2
13081;1
27102;0
13713;1
16945;2
22406;2
26435;2
19282;2
26437;2
20864;2
19287;2
27085;0
27099;0
26496;0
27101;0
14240;1
17641;2
14117;2
24909;2
16390;2
20852;2
15394;2
12218;1
22572;2
22860;2
22411;2
13700;2
20856;0
16831;2
26520;2
26532;2
22203;0
22850;2
15367;2
15396;2
26423;1
16598;2
26579;2
26530;2
26510;0
14813;2
22573;0
26444;2
26581;2
14120;1
14116;2
22409;2
15365;2
16594;2
26511;2
15380;2
20719;1
12289;2
26482;0
17634;2
16409;1
22407;2
15369;2
26445;2
13089;2
12226;1
26509;2
26538;2
12225;2
22201;1
16595;1
26537;2
26601;2
18164;2
22399;2
13702;2
19292;2
26440;2
26422;1
26499;2
22401;0
22579;2
20862;2
26443;2
15371;1
16297;2
22583;1
16828;1
26600;2
17633;2
24908;2
13705;2
15379;1
16827;1
26545;2
13704;2
13653;2
11613;2
13658;2
22904;1
26539;2
13484;2
22854;2
16938;2
26438;2
19322;0
13714;2
22402;0
22851;2
22408;2
22581;2
19280;2
26433;0
16298;1
16822;1
11614;1
26575;1
26536;1
22578;2
22845;2
20720;2
16823;1
12213;2
26491;2
14818;2
15374;2
22857;0
22571;1
22202;2
13082;1
16829;1
20483;1
26521;2
24910;2
22582;2
20598;2
26534;2
14239;0
14115;2
26436;2
15388;2
13080;2
16309;2
19312;2
22410;0
22207;2
13712;2
26439;2
26442;2
16307;2
14112;1
13489;2
16389;2
20859;2
20546;1
26513;2
24905;1
22580;1
22576;0
26546;2
22575;2
22400;2
20590;2
15398;2
16588;2
30016;0
13657;1
22412;2
29621;0
29785;2
29765;1
29787;1
16554;1
15349;2
26189;1
14095;2
16271;1
13477;2
26191;2
12700;2
14791;1
28690;0
26484;0
14109;0
17196;2
22193;0
21974;1
14802;2
13450;2
21969;1
21987;2
20549;2
26167;0
13010;1
12994;2
22194;3
16270;3
16561;3
26192;0
14106;3
16531;1
21982;0
29281;0
29154;0
22171;0
13468;1
14796;1
26188;3
13079;3
26486;3
17216;3
20556;3
13006;3
13001;3
29159;0
28724;0
26351;3
16562;3
13077;1
12999;3
13049;3
14714;1
27082;0
29336;0
20468;0
21999;3
16573;3
19276;3
12996;3
13076;1
13075;1
13035;1
17206;0
25989;1
16290;1
16541;3
15347;3
16263;1
26344;0
26373;3
13464;0
16553;3
13011;3
13012;1
13050;3
26481;0
28689;0
18157;1
22030;0
25992;0
13462;1
14708;3
20851;3
12702;1
19305;3
26321;3
22199;3
21966;3
26190;3
15351;3
12991;1
12701;1
12990;3
28713;3
20470;3
13021;3
26339;0
19302;3
15341;3
12995;1
12987;3
26487;1
13024;1
26331;3
26342;3
15350;3
15342;3
16206;1
26328;1
14779;3
16278;3
13456;1
21996;3
20584;3
15338;3
15339;3
28707;0
26490;3
22196;3
22031;3
19308;3
13478;3
20560;1
12706;1
21984;3
22168;3
16267;3
22175;3
21968;1
22033;3
22200;3
16252;3
26160;3
15364;1
13038;0
13051;3
26338;3
13025;3
14098;1
22174;3
22198;3
22000;3
14798;3
26187;3
26204;3
20555;1
15348;1
26161;0
16575;1
22178;1
21986;0
22004;3
21979;3
13000;3
14716;3
16207;1
20375;1
16546;1
22173;3
13453;3
13036;3
14719;1
16585;3
28708;0
22032;0
22197;1
25991;1
16269;3
13078;3
14105;3
22181;3
15346;3
15345;1
26162;0
13007;3
22195;1
21980;3
21985;3
26375;1
12703;1
28711;0
26343;3
22170;3
20548;1
16530;3
16550;3
13482;3
17195;3
14104;3
16253;0
22172;1
21994;3
13020;0
26485;0
21983;0
21976;3
22180;3
15337;3
15343;0
12988;3
12989;3
12998;1
13022;3
13461;0
15333;3
26165;3
12705;1
29862;0
27084;0
13018;1
13452;3
29532;0
30041;1
16447;3
26138;3
20825;0
20163;0
25911;0
21882;0
16512;3
14555;3
12263;3
15693;1
20373;3
19290;3
21897;1
27062;0
13447;3
15321;3
26319;1
21894;0
26142;3
12216;1
15685;1
27060;0
26325;1
16509;1
21958;3
21949;3
26150;1
14044;3
21569;1
21943;0
21947;3
21873;3
15329;3
15302;3
12239;1
12689;1
14037;3
16465;1
26140;3
15309;3
27075;3
15928;1
17187;3
21876;1
21562;3
19174;0
14192;1
17188;3
25971;3
16199;3
14186;3
26327;0
16428;3
26135;3
26154;3
26313;3
14036;3
16197;3
13442;3
21874;3
13433;3
15320;3
19194;3
15322;3
29152;0
14080;3
21877;0
20171;3
12687;3
14185;1
29149;0
28562;3
21891;3
13435;3
21570;1
21959;1
21885;3
15697;1
21944;1
15328;1
12210;3
27053;0
21955;3
13431;1
14701;3
12699;3
25981;3
21878;3
19256;3
20166;3
15290;3
12222;1
12698;3
28683;0
21950;3
15674;3
21571;3
13449;3
21956;3
13436;3
15314;1
12694;3
26326;3
28553;3
14088;3
13429;1
21886;3
15312;3
15325;3
26148;3
21889;3
13443;3
12215;1
28559;3
14089;3
19263;3
21567;1
16445;3
16446;3
21946;3
26153;3
15308;3
15684;1
15675;1
14200;3
15311;3
12688;3
26324;3
19299;3
19278;3
21957;3
21892;3
21572;3
16470;3
12214;1
15927;3
16196;1
27071;3
28569;3
14170;3
21951;3
19181;3
15932;1
21895;3
13426;3
21888;3
16452;1
14538;1
14524;3
14424;3
21899;3
21568;3
20811;1
28560;3
21948;3
13438;3
21893;3
12693;3
28685;3
19301;3
21945;3
14539;3
21875;3
13446;3
26152;3
15303;3
14203;1
15926;1
16461;3
19255;3
26320;3
29763;3
29883;1
21553;1
16277;3
26028;3
26025;3
12686;1
26304;3
12585;3
28520;3
12583;3
25104;3
13401;3
13367;3
26027;3
20807;1
12581;3
20350;3
21557;3
21229;3
13304;1
13288;3
13400;3
13278;3
12681;1
28529;3
13840;3
13354;3
14154;3
13315;3
13273;3
15287;3
13299;3
13361;3
21231;3
16272;3
13316;3
15280;3
20711;3
20718;1
15252;3
12673;3
25393;3
28798;3
26303;3
13385;3
16318;3
13403;3
13811;3
26029;3
20717;3
12670;3
18139;1
26292;1
14005;1
14024;3
19192;3
13425;1
13353;1
15655;3
13280;3
19944;3
29135;3
26297;1
19258;3
21558;3
13402;3
21404;1
21219;3
19076;3
15289;3
12680;1
18140;3
29013;3
28519;3
28512;3
13420;3
16407;3
13250;3
21402;3
21555;1
12674;3
16410;3
13351;3
21560;1
13233;1
16417;3
13298;3
12589;1
26305;3
14141;3
21217;3
21226;3
13346;3
13340;3
16420;3
13292;3
20713;3
12676;1
12683;3
19193;1
21384;1
16317;3
16250;3
20712;3
15627;1
28834;3
28540;3
19260;3
14023;3
21559;3
25288;3
13277;3
13237;3
21256;3
13823;3
25875;3
26316;3
26295;3
13314;1
15659;1
21222;3
16287;3
28836;3
26299;1
12579;3
12577;3
19195;3
21361;3
15256;3
25883;3
25371;3
27043;3
12580;3
12578;3
26301;3
21359;3
21379;3
13247;1
20051;1
26277;3
26285;1
14169;3
13806;1
13269;1
13382;3
16328;3
13355;3
21218;3
20162;3
18134;1
25892;3
28818;3
26286;3
19253;3
21380;3
15200;3
28848;3
26298;3
14022;1
14026;3
13329;1
13287;3
21552;3
13419;3
21228;3
13286;3
12675;3
12584;3
26281;3
13812;3
15656;3
15649;3
21408;3
21418;3
12671;3
28837;3
25864;3
26280;3
26300;3
21403;3
13801;3
26133;3
26024;3
15625;3
25363;3
28547;3
13324;3
21259;3
12669;3
18133;1
21225;1
16308;3
13238;3
26131;3
26033;3
12684;1
26290;3
21230;3
13348;1
21389;3
13283;3
13243;3
13357;3
27027;3
26296;3
13362;3
13384;1
13325;3
13326;3
21258;3
25408;3
12677;3
28832;3
14006;3
21556;1
16275;3
21387;3
15255;3
28819;3
25100;3
28850;3
28541;3
20318;3
12586;3
21393;1
13839;3
13319;1
13279;3
16260;3
11612;3
25361;3
13424;1
13369;3
15664;1
26134;1
12667;3
28802;3
25095;3
28532;3
26283;1
21257;3
13380;3
13378;1
21394;3
13383;3
15284;1
13274;1
13248;3
13359;3
15288;3
15203;1
15254;1
26302;1
21561;1
16329;3
12685;1
30077;3
26293;3
12588;3
14025;1
25287;3
13246;3
15667;3
29555;3
29866;3
15454;3
21169;1
21165;3
13203;3
12348;1
12358;3
13176;3
13088;3
13177;3
13212;3
21202;3
20710;3
26022;3
15196;1
24832;3
26276;1
26245;3
20998;1
16053;3
12950;3
21189;3
13087;3
21000;3
21194;3
21203;3
12353;3
13999;3
20592;3
15189;3
28659;3
26183;3
26120;3
19173;3
21205;3
13086;3
12921;3
21179;3
26021;3
12340;1
15933;3
28669;3
13565;3
13224;1
25960;3
15167;1
25061;3
26241;3
12572;3
12926;3
21167;3
13577;1
13605;3
19186;3
13800;3
15456;1
13029;3
16045;3
12981;1
13189;3
21180;3
21214;3
13064;3
15117;1
12935;1
13067;1
13205;3
20997;1
16201;3
13793;3
15194;1
13575;1
20209;1
21192;1
13221;3
21168;3
13174;3
12922;3
15166;3
12343;3
13769;1
13768;3
24817;3
14003;1
12923;3
13799;3
19910;1
12360;3
24786;3
20188;3
15193;3
15155;1
24824;3
28510;3
12575;3
12574;3
13165;3
13152;1
13069;3
25093;3
26121;3
15622;1
21211;3
12941;3
21001;3
13230;3
13055;3
19052;3
12347;1
12339;3
13595;3
21195;3
15188;3
25094;3
13019;3
13214;3
13083;1
21197;3
12930;3
24977;3
28506;1
26247;3
26234;3
13016;3
21201;3
12942;3
13190;3
13178;3
12949;3
12975;3
15195;3
19069;3
12342;3
11610;3
15929;1
26201;1
13068;1
13173;1
13225;3
13161;3
12356;3
15702;3
26249;3
13202;3
26020;3
19924;1
15191;3
16033;3
18130;1
26174;3
26238;3
12573;3
21216;3
13063;3
21215;3
12934;3
26023;3
19931;3
25958;3
16054;1
13993;3
12350;3
26127;3
26252;3
13056;3
13057;3
12980;1
21183;3
15699;1
28766;3
20206;3
21199;3
13226;3
12346;1
24781;3
12576;3
13992;3
20999;3
26019;3
12354;1
16046;3
28663;3
12918;3
21191;3
21002;3
13779;3
13592;3
24976;3
25046;3
12570;3
19172;3
13093;3
21200;3
20576;3
15199;3
20186;3
13085;3
21206;3
13210;3
13220;3
21173;3
15457;3
25961;3
20208;3
21166;3
13142;3
13208;3
13039;3
13032;3
12929;3
12947;3
20577;3
18125;3
15460;3
13062;3
21193;3
19930;3
12571;3
18047;3
20823;3
19027;3
12240;3
26098;3
12773;3
24664;3
12912;3
24501;3
15691;3
12037;3
12039;3
12448;3
15050;3
25946;3
20035;3
12913;3
12207;3
20622;3
24757;3
12252;3
12450;3
13552;3
13536;3
15668;3
12338;3
12243;3
12707;3
12769;3
12761;3
12789;3
12904;3
12762;3
20625;3
14978;3
25945;3
26096;3
12452;3
12780;3
12766;3
12418;3
20990;3
20985;3
12917;3
24646;3
12010;3
25948;3
14914;3
26097;3
12774;3
20617;3
12784;3
15063;3
24671;3
12423;3
20620;3
13556;3
19041;3
26106;3
12770;3
12756;3
12882;3
25940;3
26111;3
12253;3
12209;3
24392;3
24418;3
12886;3
20624;3
24491;3
15660;3
28504;3
19028;3
19904;3
26116;3
12881;3
12179;3
12208;3
12764;3
13558;3
19051;3
15005;3
25941;3
19518;3
12242;3
12241;3
20983;3
24759;3
20627;3
12198;3
20989;3
15023;3
24666;3
20628;3
12883;3
12755;3
12437;3
14913;3
19901;3
12768;3
20623;3
26114;3
12245;3
12009;3
20575;3
25939;3
26110;3
12180;3
12885;3
14979;3
12915;3
24431;3
12898;3
14969;3
19033;3
14915;3
25944;3
12248;3
12771;3
12438;3
20626;3
12709;3
12446;3
15669;3
25947;3
26112;3
12014;3
12777;3
12772;3
20984;3
12007;3
12250;3
14997;3
15054;3
20621;3
15661;3
15662;3
12246;3
20996;3
12901;3
13564;3
20991;3
12337;3
15016;3
12251;3
12884;3
24496;3
12435;3
20629;3
12362;3
20182;3
26107;3
12441;3
13511;3
20988;3
25949;3
12021;3
15073;3
24493;3
20075;3
15006;3
12779;3
27026;3
20616;3
15055;3
12442;3
20992;3
20993;3
20987;3
14990;3
20994;3
15692;3
27014;3
13537;3
12440;3
20995;3
15695;3
29697;3
30068;3
29914;1
29681;3
30013;3
29518;3
29808;3
29859;3
29944;3
30088;1
29504;1
29710;1
29673;3
29686;3
29748;1
29769;3
29921;1
29525;1
29708;1
29632;3
29967;1
30090;1
29655;3
29755;3
14894;3
26084;3
12078;3
20444;3
14884;3
26083;3
12841;3
20427;3
20609;3
11994;3
25938;3
12817;3
12002;3
25922;3
20264;3
20452;3
12033;3
20567;3
12075;3
20258;3
12026;3
11986;3
18175;3
26066;3
12121;3
12005;3
14888;3
26093;3
26057;3
26058;3
20612;3
20450;3
24309;3
26060;3
26070;3
20615;3
11934;3
20448;3
15638;3
28491;3
12108;3
12025;3
20445;3
12834;3
26075;3
12096;3
20451;3
11992;3
12000;3
14882;3
14896;3
20613;3
23868;3
13504;3
14838;3
14967;3
20034;3
12110;3
12016;3
23867;3
12843;3
12001;3
20261;3
12820;3
23866;3
24332;3
13263;3
11990;3
11993;3
14892;3
14891;3
14902;3
20456;3
20614;3
20429;3
18163;3
20284;3
12866;3
12849;3
20023;3
26091;3
12830;3
12109;3
20256;3
20260;3
12027;3
11939;3
20610;3
11988;3
25935;3
18634;3
26089;3
26061;3
20430;3
14834;3
24235;3
20606;3
12041;3
15653;3
28492;3
12084;3
11995;3
12004;3
25937;3
20608;3
24342;3
20283;3
12030;3
12094;3
12819;3
12042;3
12079;3
15657;3
25936;3
12118;3
25926;3
26056;3
12120;3
11989;3
19476;3
20569;3
25928;3
26082;3
24310;3
14881;3
26094;3
26090;3
11954;3
20600;3
20259;3
23865;3
11991;3
13405;3
11977;3
11956;3
14883;3
14895;3
20447;3
12023;3
24284;3
11955;3
11937;3
20446;3
11945;3
12018;3
20611;3
14912;3
25927;3
30010;3
29905;3
29493;3
29611;3
29688;3
29624;1
29510;1
29742;1
29807;3
30056;3
29773;1
29813;3
29664;3
30111;1
29906;3
29582;1
30100;1
29861;1
29791;1
29749;1
29548;3
29774;1
29794;3
11705;3
11886;3
23511;3
20228;3
19971;3
23396;3
19453;3
14752;3
23583;3
20220;3
12749;3
11778;3
20236;3
23806;3
11912;3
11774;3
23846;3
11839;3
11924;3
14756;3
25918;3
11854;3
11708;3
12711;3
11690;3
11743;3
12631;3
19977;3
20239;3
20216;3
11773;3
14755;3
26018;3
19454;3
11872;3
20227;3
12717;3
11671;3
11809;3
20238;3
20215;3
25921;3
19979;3
11810;3
26055;3
19970;3
19974;3
14879;3
11654;3
20221;3
20225;3
19978;3
14824;3
20219;3
20244;3
25920;3
14757;3
11779;3
19439;3
26016;3
20249;3
23486;3
20211;3
11813;3
11796;3
18148;3
23730;3
11780;3
23731;3
14803;3
11798;3
11811;3
23819;3
11777;3
11797;3
11929;3
11930;3
26014;3
23830;3
15619;3
11933;3
20214;3
20241;3
15614;3
11918;3
11727;3
12632;3
23842;3
20226;3
11745;3
23397;3
11799;3
11707;3
20217;3
12655;3
11920;3
14880;3
26042;3
11925;3
19975;3
20242;3
20007;3
14822;3
14819;3
11772;3
25919;3
26012;3
11873;3
14827;3
15621;3
19968;3
23829;3
12650;3
20247;3
11776;3
15620;3
15453;3
11919;3
18143;3
14754;3
23592;3
23566;3
14852;3
26015;3
12804;3
11742;3
11775;3
11812;3
14823;3
20213;3
26050;3
23725;3
20245;3
11696;3
15440;3
14753;3
20253;3
20246;3
26041;3
14801;3
14868;3
25832;3
29974;3
29596;3
29898;3
29759;3
30052;3
29491;1
29566;3
29912;3
26002;3
19949;3
19785;3
19956;3
19652;3
12561;3
19959;3
11629;3
15106;3
11625;3
14797;3
15089;3
19772;3
23376;3
19966;3
14739;3
18046;3
26001;3
19788;3
19631;3
19620;3
19786;3
11630;3
19792;3
19965;3
19960;3
15087;3
11624;3
28471;3
14789;3
12614;3
19653;3
20000;3
15088;3
19783;3
19963;3
19793;3
14772;3
23378;3
19621;3
19947;3
18131;3
11516;3
15083;3
15097;3
14750;3
14747;3
19958;3
19773;3
14709;3
18132;3
14741;3
25998;3
26005;3
19950;3
19789;3
23283;3
11541;3
19790;3
19948;3
19438;3
25829;3
19957;3
14713;3
14738;3
26004;3
11617;3
19797;3
11901;3
28478;3
25827;3
26003;3
28652;3
25826;3
19791;3
14541;3
28458;3
25997;3
23306;3
11623;3
19964;3
23351;3
19782;3
14746;3
26011;3
14769;3
19795;3
28470;3
18039;3
12618;3
14800;3
19787;3
23385;3
19951;3
15354;3
18137;3
14795;3
19967;3
11626;3
14774;3
25830;3
19628;3
11515;3
19794;3
15118;3
14740;3
20564;3
14744;3
12613;3
19784;3
11897;3
25831;3
28656;3
25828;3
29733;3
12523;3
19557;3
28051;3
25996;3
14148;3
19593;3
22995;3
19616;3
19615;3
28354;3
28574;3
28173;3
28626;3
29340;3
14730;3
25993;3
19609;3
27672;3
25821;3
14731;3
19577;3
22976;3
19556;3
19602;3
12522;3
14737;3
19563;3
19564;3
19099;3
29354;3
14160;3
19614;3
19601;3
19095;3
19595;3
19592;3
29280;3
28177;3
19989;3
19611;3
19586;3
28646;3
28647;3
25819;3
19605;3
23113;3
19599;3
27752;3
14163;3
25822;3
12549;3
23074;3
19559;3
29279;3
28624;3
19558;3
25718;3
25990;3
19105;3
19102;3
29335;3
29350;3
14167;3
12547;3
28130;3
28169;3
29334;3
20562;3
25823;3
28013;3
28176;3
28129;3
14164;3
15056;3
29481;3
28165;3
28198;3
19997;3
19576;3
14149;3
19555;3
19561;3
28161;3
28092;3
28620;3
28197;3
18038;3
19612;3
23114;3
29326;3
29285;3
15058;3
14162;3
25987;3
19598;3
15051;3
15059;3
19594;3
29352;3
14171;3
19588;3
19560;3
25986;3
19607;3
28178;3
28363;3
15077;3
26789;3
18010;3
19988;3
22996;3
19596;3
15062;3
28449;3
25994;3
14161;3
15078;3
20561;3
18011;3
14732;3
19565;3
23057;3
28036;3
28443;3
19096;3
15081;3
12520;3
28778;3
28630;3
19568;3
19562;3
19613;3
28648;3
15048;3
29728;3
29175;3
29225;3
29265;3
29150;3
14722;3
14147;3
29252;3
29258;3
29237;3
22877;3
14928;3
25712;3
14664;3
18928;3
25716;3
29223;3
29203;3
29155;3
19420;3
11756;3
25715;3
29147;3
18009;3
29242;3
11472;3
18768;3
14653;3
14662;3
14726;3
18930;3
22903;3
29144;3
29207;3
14728;3
25982;3
29261;3
12464;3
29208;3
29201;3
12474;3
29239;3
29156;3
28420;3
19884;3
29168;3
19094;3
29148;3
14847;3
29476;3
22889;3
18929;3
29221;3
18931;3
14861;3
29145;3
14991;3
15047;3
14660;3
15046;3
18769;3
14949;3
14929;3
25711;3
25717;3
29238;3
29157;3
29198;3
29254;3
18008;3
22881;3
18766;3
19083;3
14984;3
25714;3
25978;3
28419;3
18767;3
19089;3
29276;3
29202;3
14941;3
11750;3
25980;3
29166;3
14950;3
14656;3
29278;3
12485;3
22901;3
12468;3
29222;3
19084;3
29264;3
14975;3
29163;3
25985;3
25979;3
12480;3
29158;3
29236;3
29169;3
22971;3
29204;3
29146;3
29141;3
14727;3
25984;3
14937;3
20558;3
25713;3
29275;3
22765;3
29140;3
22975;3
29142;3
19987;3
22748;3
29274;3
29167;3
29174;3
12483;3
29151;3
29170;3
25977;3
29143;3
14947;3
29255;3
12494;3
26782;3
29768;3
14657;3
14139;3
29138;3
14792;3
28822;3
28839;3
25704;3
18331;3
28871;3
29070;3
29475;3
25962;3
18332;3
13807;3
28826;3
14770;3
11358;3
22268;3
14137;3
28869;3
14831;3
12373;3
11360;3
25705;3
19387;3
14650;3
13844;3
29106;3
29059;3
28870;3
28805;3
14646;3
25970;3
28854;3
18464;3
11368;3
14645;3
17999;3
22252;3
29132;3
29008;3
25708;3
14776;3
18462;3
28824;3
28823;3
29010;3
14652;3
22713;3
14794;3
28820;3
28989;3
29016;3
19365;3
18458;3
22247;3
22373;3
29019;3
28831;3
29060;3
20173;3
14647;3
14649;3
25974;3
12395;3
28859;3
28843;3
28835;3
28990;3
29474;3
25709;3
25955;3
22251;3
29044;3
28851;3
28993;3
14771;3
11357;3
12333;3
25707;3
25710;3
25568;3
18276;3
28849;3
29110;3
14843;3
28830;3
25706;3
18277;3
13842;3
18336;3
29017;3
29466;3
14648;3
18463;3
29032;3
14832;3
18461;3
28966;3
13822;3
19415;3
25976;3
25969;3
13829;3
14778;3
12332;3
11359;3
28847;3
22267;3
28856;3
25951;3
25943;3
25964;3
28838;3
28821;3
29108;3
14833;3
29048;3
29136;3
29056;3
28807;3
28833;3
18004;3
29111;3
14793;3
28852;3
11363;3
22299;3
29128;3
18457;3
29004;3
11364;3
11372;3
11443;3
14651;3
17996;3
26692;3
28418;3
19874;3
14140;3
28845;3
18334;3
29058;3
29139;3
18335;3
13808;3
14138;3
28825;3
28857;3
18465;3
18338;3
28804;3
29467;3
25952;3
18337;3
28997;3
14643;3
25973;3
14777;3
28827;3
28853;3
25972;3
25975;3
22732;3
13836;3
18281;3
29126;3
28988;3
20552;3
29011;3
18452;3
12383;3
28829;3
11365;3
12285;3
18202;3
14634;3
28661;3
28665;3
11126;3
29410;3
14614;3
25910;3
14700;3
28625;3
26643;3
22230;3
22182;3
22128;3
28657;3
14616;3
11112;3
28649;3
28618;3
25909;3
29403;3
22234;3
14636;3
25565;3
22232;3
28670;3
28676;3
28414;3
19855;3
18269;3
14712;3
20172;3
28797;3
28643;3
28799;3
17982;3
22233;3
22121;3
18198;3
28635;3
25566;3
18268;3
18245;3
28763;3
28795;3
28621;3
25942;3
28775;3
11151;3
14639;3
25564;3
14720;3
18201;3
28619;3
11120;3
28407;3
20170;3
12280;3
12279;3
11147;3
29449;3
25916;3
25924;3
14705;3
18255;3
28651;3
28644;3
25567;3
14617;3
18203;3
18196;3
28765;3
28629;3
28658;3
11356;3
19357;3
18204;3
13771;3
28666;3
28628;3
28675;3
28655;3
28654;3
28650;3
18200;3
28774;3
28772;3
19364;3
20167;3
12290;3
28792;3
28645;3
28761;3
17987;3
28794;3
28627;3
28790;3
26683;3
13782;3
11134;3
28662;3
28653;3
28664;3
28660;3
29585;3
29668;3
29448;3
25917;3
25891;3
28255;3
17913;3
17922;3
17726;3
13685;3
14601;3
14155;3
17735;3
17734;3
19340;3
14613;3
26640;3
25561;3
17918;3
28196;3
28288;3
28247;3
20150;3
28264;3
17926;3
17923;3
12265;3
28293;3
28294;3
28295;3
20164;3
25560;3
17478;3
17914;3
13697;3
12261;3
22118;3
17370;3
14195;3
14599;3
17909;3
28573;3
26630;3
14165;3
28580;3
28270;3
17927;3
17725;3
28362;3
28583;3
13770;3
17504;3
17916;3
28586;3
13607;3
19353;3
17919;3
17917;3
17352;3
28340;3
28355;3
13606;3
28584;3
28223;3
28224;3
28221;3
28299;3
25563;3
13666;3
19844;3
28240;3
17515;3
28588;3
28246;3
17733;3
28339;3
14596;3
25901;3
28296;3
28268;3
17353;3
17924;3
17730;3
17925;3
17910;3
28587;3
14191;3
13767;3
28234;3
17915;3
14183;3
25903;3
28250;3
18193;3
17736;3
28285;3
28259;3
17502;3
17912;3
14158;3
13686;3
25562;3
14159;3
17732;3
28297;3
28244;3
28243;3
28271;3
14591;3
14603;3
17911;3
28200;3
14427;3
14602;3
17920;3
14610;3
25905;3
17354;3
18188;3
28273;3
18189;3
20165;3
25895;3
17510;3
28257;3
17904;3
17921;3
28199;3
28598;3
17728;3
12267;3
28222;3
14429;3
29886;3
13846;3
17293;3
12256;3
17256;3
17277;3
17326;3
28152;3
17288;3
28147;3
13794;3
14589;3
13820;3
19339;3
17286;3
28194;3
12212;3
17279;3
28171;3
13579;3
20149;3
25559;3
25557;3
28099;3
17232;3
28142;3
13777;3
14585;3
28190;3
13845;3
28167;3
17240;3
12219;3
17233;3
17278;3
12217;3
17329;3
28155;3
28163;3
13580;3
25556;3
17056;3
28191;3
17079;3
22117;3
28184;3
17241;3
12255;3
17334;3
28401;3
20060;3
17973;3
25886;3
13847;3
28166;3
17255;3
17258;3
28180;3
28148;3
14590;3
13783;3
28154;3
17332;3
17351;3
28170;3
17257;3
28162;3
25879;3
28159;3
17285;3
12254;3
28149;3
14580;3
17259;3
17312;3
28150;3
28096;3
17295;3
17064;3
13570;3
17249;3
28164;3
17248;3
20054;3
17069;3
25889;3
28158;3
17247;3
17280;3
12220;3
17299;3
17294;3
28097;3
25888;3
17229;3
17246;3
13784;3
12211;3
28179;3
28183;3
28112;3
14584;3
28193;3
13772;3
17065;3
17308;3
28185;3
28088;3
14581;3
13567;3
28182;3
28186;3
28131;3
17055;3
28181;3
28168;3
25887;3
17315;3
17242;3
28172;3
25558;3
12221;3
17310;3
17071;3
17309;3
13572;3
17320;3
22058;3
28145;3
13792;3
13765;3
13821;3
17328;3
28156;3
22114;3
16656;3
11044;3
19829;3
28395;3
22050;3
27919;3
17049;3
28062;3
28041;3
25867;3
13543;3
13542;3
25273;3
14577;3
19329;3
16637;3
13691;3
17050;3
13538;3
13678;3
13679;3
28064;3
13690;3
28394;3
25878;3
17971;3
17046;3
16707;3
13689;3
25272;3
25868;3
21921;3
17048;3
17045;3
22008;3
16708;3
19830;3
28078;3
16931;3
27917;3
13693;3
11032;3
25876;3
13514;3
13680;3
16928;3
27678;3
27759;3
27918;3
28061;3
28044;3
19325;3
26629;3
25555;3
14572;3
27920;3
21813;3
28047;3
27681;3
28022;3
11033;3
16929;3
16638;3
16660;3
28083;3
28042;3
25872;3
28070;3
13515;3
13545;3
28017;3
28030;3
11048;3
14576;3
25271;3
21939;3
28063;3
13687;3
28039;3
28067;3
16684;3
16657;3
28071;3
28040;3
28076;3
16685;3
28031;3
11038;3
11039;3
28068;3
16658;3
11035;3
11046;3
13661;3
13602;3
11030;3
20049;3
16639;3
27726;3
28014;3
16712;3
17051;3
13600;3
11047;3
14565;3
28065;3
16686;3
17047;3
16659;3
20048;3
25294;3
13548;3
28038;3
11031;3
11034;3
25270;3
16661;3
28018;3
22041;3
13546;3
28066;3
16630;3
27641;3
27673;3
13406;3
17957;3
21727;3
19802;3
26620;3
28393;3
16347;3
27605;3
27611;3
13584;3
11028;3
27669;3
27663;3
27651;3
16349;3
14558;3
25250;3
19942;3
16494;3
27662;3
16519;3
16496;3
16528;3
28390;3
25866;3
16350;3
11611;3
13259;3
16523;3
13585;3
14510;3
11593;3
21710;3
13583;3
16345;3
27615;3
16636;3
16521;3
17956;3
27667;3
16623;3
16484;3
11607;3
11601;3
11029;3
25857;3
29385;3
25865;3
16620;3
11599;3
16495;3
25252;3
16348;3
21659;3
16524;3
16526;3
27649;3
27614;3
11027;3
14559;3
16525;3
16612;3
27578;3
27646;3
16493;3
16352;3
27617;3
27670;3
19941;3
27623;3
11591;3
11592;3
27636;3
27625;3
13265;3
16616;3
16631;3
27671;3
13576;3
13563;3
16527;3
11606;3
13261;3
16522;3
27604;3
16629;3
27577;3
27666;3
25861;3
16607;3
13258;3
14560;3
16520;3
13581;3
14520;3
27668;3
27612;3
13590;3
13264;3
16529;3
16483;3
27601;3
13591;3
25249;3
27606;3
13513;3
27621;3
27616;3
16351;3
16624;3
27645;3
21768;3
28389;3
14501;3
25863;3
